dispatching_base_num,pickup_datetime,dropoff_datetime,PULocationID,DOLocationID,SR_Flag
B03285,2020-06-10 11:16:00,2020-06-10 11:33:47,,,
B01469,2020-06-21 11:53:06,2020-06-21 11:55:17,,,
B03016,2020-06-09 13:25:21,2020-06-09 13:33:22,,,
B01233,2020-06-01 19:06:05,2020-06-01 19:24:26,,,
B03160,2020-06-04 12:13:00,2020-06-04 12:46:00,,,
B01312,2020-06-24 04:35:53,2020-06-24 05:02:26,,,
B02254,2020-06-07 12:46:57,2020-06-07 12:47:04,,,
B00856,2020-06-12 21:08:58,2020-06-12 21:40:17,,,
B01051,2020-06-02 12:59:56,2020-06-02 13:29:18,,,
B02794,2020-06-27 23:08:11,2020-06-27 23:15:54,,,
B00911,2020-06-10 00:19:06,2020-06-10 00:27:35,,,
B01183,2020-06-26 18:46:30,2020-06-26 19:16:02,,,
B01129,2020-06-03 13:51:00,2020-06-03 13:53:00,,,
B01145,2020-06-26 02:02:06,2020-06-26 02:06:57,,,
B01065,2020-06-30 05:41:38,2020-06-30 05:46:39,,,
B02437,2020-06-26 17:46:36,2020-06-26 17:55:08,,,
B03160,2020-06-05 12:45:00,2020-06-05 13:19:00,,,
B01061,2020-06-25 14:40:34,2020-06-25 14:52:35,,,
B03060,2020-06-14 08:00:16,2020-06-14 08:11:52,,,
B00987,2020-06-25 07:36:00,2020-06-25 08:12:00,,,
B01437,2020-06-13 13:35:55,2020-06-13 13:41:56,,,
B02653,2020-06-02 17:46:16,2020-06-02 17:57:32,,,
B02509,2020-06-18 06:39:42,2020-06-18 06:59:33,,,
B01639,2020-06-07 08:01:35,2020-06-07 08:05:01,,,
B01510,2020-06-07 10:16:24,2020-06-07 11:05:09,,,
B02715,2020-06-26 13:35:29,2020-06-26 13:43:01,,,
B02930,2020-06-02 06:48:32,2020-06-02 06:55:31,,,
B02563,2020-06-27 10:34:59,2020-06-27 10:35:57,,,
B00706,2020-06-09 14:48:19,2020-06-09 14:57:27,,,
B03160,2020-06-12 11:14:00,2020-06-12 11:32:00,,,
B00457,2020-06-13 13:10:35,2020-06-13 13:33:12,,,
B00856,2020-06-15 21:46:57,2020-06-15 21:53:17,,,
B01194,2020-06-14 19:42:15,2020-06-14 19:57:54,,,
B00856,2020-06-26 09:23:10,2020-06-26 09:31:41,,,
B00227,2020-06-25 07:00:00,2020-06-25 07:46:00,,,
B00972,2020-06-08 13:55:15,2020-06-08 14:04:15,,,
B01016,2020-06-13 09:13:13,2020-06-13 09:16:30,,,
B01079,2020-06-11 08:12:26,2020-06-11 08:45:37,,,
B02067,2020-06-22 14:15:06,2020-06-22 21:15:27,,,
B01437,2020-06-20 17:01:23,2020-06-20 17:15:59,,,
B01308,2020-06-08 13:47:00,2020-06-08 13:54:00,,,
B02536,2020-06-23 23:27:03,2020-06-23 23:48:49,,,
B01145,2020-06-27 17:16:55,2020-06-27 17:28:35,,,
B01312,2020-06-22 09:54:17,2020-06-22 10:20:09,,,
B02461,2020-06-29 00:15:25,2020-06-29 00:34:57,,,
B00756,2020-06-12 05:44:00,2020-06-12 05:57:00,,,
B00112,2020-06-30 19:32:41,2020-06-30 19:40:01,,,
B01710,2020-06-10 09:19:30,2020-06-10 09:45:33,,,
B02534,2020-06-12 20:07:00,2020-06-12 20:27:00,,,
B00256,2020-06-29 04:19:19,2020-06-29 04:41:57,,,
B01061,2020-06-28 13:04:15,2020-06-28 13:24:57,,,
B01312,2020-06-17 09:58:36,2020-06-17 10:06:00,,,
B01653,2020-06-08 09:45:35,2020-06-08 09:51:24,,,
B02715,2020-06-30 10:52:47,2020-06-30 11:26:02,,,
B02107,2020-06-27 06:43:51,2020-06-27 06:55:29,,,
B00937,2020-06-20 06:43:30,2020-06-20 06:51:44,,,
B02944,2020-06-30 08:01:00,2020-06-30 08:14:54,,,
B01653,2020-06-25 11:42:11,2020-06-25 12:04:39,,,
B02534,2020-06-13 08:06:00,2020-06-13 08:16:00,,,
B00856,2020-06-22 14:13:30,2020-06-22 14:20:11,,,
B01626,2020-06-04 19:03:41,2020-06-04 19:10:08,,,
B01051,2020-06-09 06:24:04,2020-06-09 06:27:47,,,
B01312,2020-06-19 14:11:54,2020-06-19 14:32:48,,,
B00811,2020-06-22 10:22:27,2020-06-22 10:58:28,,,
B02107,2020-06-23 07:32:39,2020-06-23 07:39:45,,,
B00856,2020-06-15 18:29:00,2020-06-15 18:37:45,,,
B00149,2020-06-19 22:16:12,2020-06-19 22:27:39,,,
B02550,2020-06-02 11:58:12,2020-06-02 12:25:55,,,
B03016,2020-06-15 16:18:50,2020-06-15 16:26:06,,,
B00802,2020-06-01 11:28:39,2020-06-01 11:33:44,,,
B02546,2020-06-14 01:20:36,2020-06-14 01:25:33,,,
B01312,2020-06-14 19:07:11,2020-06-14 19:08:15,,,
B01437,2020-06-06 15:35:49,2020-06-06 15:42:21,,,
B02846,2020-06-30 02:17:07,2020-06-30 02:39:47,,,
B03187,2020-06-22 14:02:19,2020-06-22 14:03:48,,,
B01285,2020-06-18 23:58:34,2020-06-19 00:20:28,,,
B03160,2020-06-05 08:50:00,2020-06-05 09:06:00,,,
B03060,2020-06-01 20:48:44,2020-06-01 21:00:49,,,
B03017,2020-06-03 10:04:25,2020-06-03 10:18:09,,,
B00225,2020-06-19 17:14:48,2020-06-19 17:36:49,,,
B01346,2020-06-24 19:22:26,2020-06-24 19:34:06,,,
B01196,2020-06-11 12:18:44,2020-06-11 12:25:17,,,
B01061,2020-06-15 21:00:37,2020-06-15 21:17:44,,,
B01148,2020-06-26 11:38:08,2020-06-26 12:13:03,,,
B02003,2020-06-16 11:45:52,2020-06-16 13:24:42,,,
B02719,2020-06-18 18:58:50,2020-06-18 19:11:20,,,
B01129,2020-06-28 10:24:00,2020-06-28 10:42:00,,,
B02182,2020-06-15 16:00:58,2020-06-15 16:14:19,,,
B00647,2020-06-22 17:20:56,2020-06-22 17:31:59,,,
B01145,2020-06-14 15:51:52,2020-06-14 16:12:42,,,
B00906,2020-06-20 12:35:38,2020-06-20 12:56:03,,,
B00277,2020-06-01 18:43:55,2020-06-01 19:20:11,,,
B02550,2020-06-03 05:36:06,2020-06-03 05:58:13,,,
B02728,2020-06-13 18:47:36,2020-06-13 19:04:35,,,
B02437,2020-06-28 08:09:39,2020-06-28 08:18:33,,,
B01145,2020-06-17 04:17:09,2020-06-17 04:43:51,,,
B02110,2020-06-04 13:26:21,2020-06-04 14:05:08,,,
B01653,2020-06-26 11:34:13,2020-06-26 11:46:43,,,
B00037,2020-06-12 08:22:42,2020-06-12 08:45:43,,,
B00856,2020-06-10 12:51:20,2020-06-10 12:57:42,,,
B02563,2020-06-12 15:23:13,2020-06-12 15:37:09,,,
B03016,2020-06-05 07:35:47,2020-06-05 07:53:15,,,
B01536,2020-06-19 16:55:46,2020-06-19 17:19:20,,,
B01667,2020-06-19 14:14:17,2020-06-19 14:31:17,,,
B02536,2020-06-27 15:14:59,2020-06-27 15:23:51,,,
B01454,2020-06-29 06:16:58,2020-06-29 06:30:49,,,
B03047,2020-06-06 10:45:19,2020-06-06 11:11:11,,,
B01312,2020-06-03 17:11:20,2020-06-03 18:00:34,,,
B01710,2020-06-16 07:00:52,2020-06-16 07:15:44,,,
B02898,2020-06-19 10:23:00,2020-06-19 10:29:25,,,
B00647,2020-06-22 12:41:55,2020-06-22 13:02:09,,,
B01145,2020-06-22 21:57:22,2020-06-22 22:06:15,,,
B00937,2020-06-19 07:50:31,2020-06-19 07:58:02,,,
B01061,2020-06-30 12:10:16,2020-06-30 12:16:10,,,
B00856,2020-06-06 19:10:58,2020-06-06 19:16:57,,,
B02163,2020-06-17 15:29:23,2020-06-17 16:02:48,,,
B02674,2020-06-27 09:46:23,2020-06-27 09:54:26,,,
B01285,2020-06-06 15:47:33,2020-06-06 16:19:15,,,
B01239,2020-06-24 14:44:13,2020-06-24 14:54:13,,,
B01239,2020-06-19 15:15:45,2020-06-19 15:21:25,,,
B00856,2020-06-26 23:05:25,2020-06-26 23:17:02,,,
B00823,2020-06-22 14:30:00,2020-06-22 15:25:01,,,
B01437,2020-06-07 14:35:04,2020-06-07 14:50:15,,,
B03017,2020-06-08 11:38:11,2020-06-08 11:59:01,,,
B03047,2020-06-09 09:58:46,2020-06-09 10:15:30,,,
B01079,2020-06-04 10:48:01,2020-06-04 11:21:16,,,
B02715,2020-06-26 06:49:47,2020-06-26 07:11:43,,,
B00900,2020-06-24 10:54:35,2020-06-24 11:05:14,,,
B01239,2020-06-15 12:19:39,2020-06-15 12:33:09,,,
B00014,2020-06-02 06:58:01,2020-06-02 08:30:41,,,
B03128,2020-06-08 08:15:11,2020-06-08 08:28:22,,,
B01470,2020-06-02 09:28:07,2020-06-02 10:07:00,,,
B02162,2020-06-23 22:10:36,2020-06-23 22:21:41,,,
B03140,2020-06-11 13:01:00,2020-06-11 13:42:00,,,
B00227,2020-06-17 07:30:00,2020-06-17 08:06:00,,,
B00889,2020-06-22 14:10:03,2020-06-22 14:31:32,,,
B02536,2020-06-22 15:02:49,2020-06-22 15:07:16,,,
B01667,2020-06-19 18:13:17,2020-06-19 18:34:15,,,
B01606,2020-06-29 11:02:58,2020-06-29 11:12:10,,,
B01559,2020-06-22 14:43:57,2020-06-22 15:25:57,,,
B01250,2020-06-07 06:20:00,2020-06-07 06:41:00,,,
B00789,2020-06-15 13:04:23,2020-06-15 14:05:00,,,
B03160,2020-06-21 12:12:00,2020-06-21 12:15:00,,,
B00856,2020-06-11 12:17:30,2020-06-11 12:30:08,,,
B02279,2020-06-05 13:11:54,2020-06-05 13:19:53,,,
B00536,2020-06-30 07:09:18,2020-06-30 07:28:58,,,
B00900,2020-06-26 09:50:18,2020-06-26 09:54:47,,,
B02641,2020-06-17 04:43:13,2020-06-17 04:54:11,,,
B02834,2020-06-26 04:20:54,2020-06-26 04:27:35,,,
B01196,2020-06-30 07:53:29,2020-06-30 08:02:43,,,
B01145,2020-06-21 16:10:27,2020-06-21 16:19:15,,,
B02795,2020-06-17 09:51:00,2020-06-17 10:07:06,,,
B00856,2020-06-29 10:26:06,2020-06-29 10:37:24,,,
B00457,2020-06-05 15:27:26,2020-06-05 16:21:44,,,
B02279,2020-06-29 08:42:11,2020-06-29 08:49:30,,,
B01984,2020-06-10 09:38:00,2020-06-10 09:57:00,,,
B00277,2020-06-11 10:30:33,2020-06-11 11:01:17,,,
B02728,2020-06-28 22:04:11,2020-06-28 22:10:44,,,
B03160,2020-06-24 05:07:00,2020-06-24 05:43:00,,,
B01667,2020-06-21 10:11:15,2020-06-21 10:33:15,,,
B00706,2020-06-24 23:52:52,2020-06-24 23:58:40,,,
B01239,2020-06-12 09:55:00,2020-06-12 10:00:12,,,
B03113,2020-06-26 05:54:29,2020-06-26 05:54:36,,,
B01231,2020-06-17 17:17:41,2020-06-17 17:31:10,,,
B02782,2020-06-23 09:50:00,2020-06-23 10:10:00,,,
B00900,2020-06-14 06:07:52,2020-06-14 06:12:03,,,
B00706,2020-06-25 12:47:11,2020-06-25 12:57:33,,,
B02735,2020-06-24 16:27:09,2020-06-24 16:47:12,,,
B00149,2020-06-17 09:33:30,2020-06-17 09:44:10,,,
B01417,2020-06-16 13:35:01,2020-06-16 13:58:17,,,
B00652,2020-06-11 06:07:56,2020-06-11 06:18:11,,,
B02162,2020-06-25 21:22:37,2020-06-25 21:32:55,,,
B01340,2020-06-30 01:05:04,2020-06-30 01:14:19,,,
B02437,2020-06-15 16:24:17,2020-06-15 16:44:18,,,
B00856,2020-06-24 09:04:44,2020-06-24 09:08:18,,,
B02107,2020-06-29 19:43:07,2020-06-29 19:51:49,,,
B00647,2020-06-10 05:05:36,2020-06-10 05:14:05,,,
B03171,2020-06-05 19:28:37,2020-06-05 19:53:09,,,
B01051,2020-06-17 13:09:34,2020-06-17 13:17:41,,,
B02437,2020-06-04 07:40:17,2020-06-04 07:53:25,,,
B03157,2020-06-27 17:12:43,2020-06-27 17:29:34,,,
B02975,2020-06-10 12:18:11,2020-06-10 12:18:16,,,
B00889,2020-06-09 08:29:02,2020-06-09 08:46:38,,,
B00310,2020-06-10 15:45:10,2020-06-10 15:52:21,,,
B02898,2020-06-06 07:38:06,2020-06-06 08:04:09,,,
B02107,2020-06-22 07:29:15,2020-06-22 07:39:24,,,
B02550,2020-06-29 14:51:56,2020-06-29 15:22:51,,,
B01312,2020-06-07 21:30:09,2020-06-07 21:34:14,,,
B02735,2020-06-09 05:40:16,2020-06-09 06:00:01,,,
B03016,2020-06-10 04:34:24,2020-06-10 04:57:18,,,
B02715,2020-06-09 06:57:39,2020-06-09 07:34:17,,,
B01259,2020-06-19 09:13:22,2020-06-19 09:38:10,,,
B01312,2020-06-16 12:26:35,2020-06-16 12:28:20,,,
B01626,2020-06-27 23:08:36,2020-06-27 23:25:18,,,
B01239,2020-06-13 13:54:24,2020-06-13 14:28:56,,,
B02917,2020-06-13 18:36:34,2020-06-13 18:47:06,,,
B03284,2020-06-01 03:47:14,2020-06-01 04:14:35,,,
B01469,2020-06-22 09:50:31,2020-06-22 09:57:34,,,
B02951,2020-06-30 07:57:34,2020-06-30 08:17:45,,,
B00445,2020-06-04 10:34:02,2020-06-04 10:38:17,,,
B01308,2020-06-02 13:42:00,2020-06-02 13:45:00,,,
B02163,2020-06-30 09:22:11,2020-06-30 09:34:19,,,
B01871,2020-06-27 05:40:00,2020-06-27 05:53:00,,,
B01145,2020-06-24 00:53:22,2020-06-24 01:06:06,,,
B01239,2020-06-27 06:09:33,2020-06-27 06:33:59,,,
B00095,2020-06-06 12:38:40,2020-06-06 12:45:29,,,
B02898,2020-06-25 08:04:36,2020-06-25 08:15:18,,,
B01145,2020-06-21 18:46:51,2020-06-21 19:06:57,,,
B00756,2020-06-16 06:18:00,2020-06-16 06:24:00,,,
B00037,2020-06-01 12:58:40,2020-06-01 13:03:56,,,
B01339,2020-06-30 01:25:31,2020-06-30 01:35:43,,,
B01145,2020-06-09 20:03:48,2020-06-09 20:08:39,,,
B01667,2020-06-18 17:21:16,2020-06-18 17:56:39,,,
B01231,2020-06-16 07:36:44,2020-06-16 08:10:10,,,
B02849,2020-06-18 09:33:30,2020-06-18 09:50:01,,,
B02292,2020-06-20 17:53:21,2020-06-20 18:05:29,,,
B00647,2020-06-10 14:22:47,2020-06-10 14:33:05,,,
B02133,2020-06-27 08:11:07,2020-06-27 09:00:13,,,
B01455,2020-06-29 11:06:35,2020-06-29 11:14:15,,,
B03057,2020-06-02 15:56:34,2020-06-02 16:20:09,,,
B01437,2020-06-18 12:54:24,2020-06-18 13:08:40,,,
B02111,2020-06-13 20:12:15,2020-06-13 20:12:17,,,
B01339,2020-06-09 20:45:08,2020-06-09 21:27:08,,,
B00975,2020-06-09 11:53:37,2020-06-09 11:57:43,,,
B01717,2020-06-17 14:07:03,2020-06-17 14:37:58,,,
B03266,2020-06-16 11:35:36,2020-06-16 11:44:58,,,
B00445,2020-06-25 14:10:55,2020-06-25 14:31:48,,,
B01312,2020-06-08 09:28:29,2020-06-08 09:39:52,,,
B02912,2020-06-18 17:25:10,2020-06-18 17:35:54,,,
B02162,2020-06-06 02:21:00,2020-06-06 02:35:56,,,
B03023,2020-06-19 09:25:34,2020-06-19 11:46:55,,,
B01145,2020-06-23 11:41:39,2020-06-23 11:44:51,,,
B01606,2020-06-22 16:20:17,2020-06-22 16:36:41,,,
B02229,2020-06-11 14:04:46,2020-06-11 14:15:59,,,
B01899,2020-06-23 11:40:02,2020-06-23 11:49:29,,,
B03111,2020-06-29 18:55:43,2020-06-29 19:04:38,,,
B01312,2020-06-13 09:03:51,2020-06-13 09:13:14,,,
B02509,2020-06-16 10:34:06,2020-06-16 10:59:53,,,
B03187,2020-06-09 10:54:14,2020-06-09 10:59:52,,,
B01406,2020-06-15 12:23:17,2020-06-15 12:38:51,,,
B01065,2020-06-11 23:04:14,2020-06-11 23:09:47,,,
B02942,2020-06-03 20:27:00,2020-06-03 20:57:00,,,
B02293,2020-06-17 12:44:49,2020-06-17 13:22:48,,,
B02138,2020-06-26 15:04:28,2020-06-26 15:27:42,,,
b01700,2020-06-19 07:56:00,2020-06-19 08:25:00,,,
B03107,2020-06-11 08:21:40,2020-06-11 09:26:58,,,
B00856,2020-06-15 12:46:27,2020-06-15 13:00:42,,,
B01145,2020-06-08 12:52:04,2020-06-08 12:59:16,,,
B01899,2020-06-14 19:57:27,2020-06-14 20:14:59,,,
B00706,2020-06-22 14:51:39,2020-06-22 14:56:10,,,
B02461,2020-06-30 00:37:16,2020-06-30 00:52:23,,,
B02794,2020-06-30 09:19:11,2020-06-30 09:32:11,,,
B02849,2020-06-24 14:22:11,2020-06-24 14:27:08,,,
B00856,2020-06-21 07:54:09,2020-06-21 08:08:33,,,
B01710,2020-06-06 09:36:50,2020-06-06 09:49:31,,,
B01509,2020-06-20 13:21:37,2020-06-20 13:34:03,,,
B00556,2020-06-26 11:45:00,2020-06-26 12:45:00,,,
B01200,2020-06-09 00:27:35,2020-06-09 00:38:28,,,
B02849,2020-06-22 06:59:55,2020-06-22 07:29:39,,,
B00310,2020-06-21 10:09:42,2020-06-21 10:21:47,,,
B02799,2020-06-23 19:52:54,2020-06-23 19:59:28,,,
B00350,2020-06-26 09:00:53,2020-06-26 09:10:05,,,
B02120,2020-06-24 07:15:00,2020-06-24 08:19:46,,,
B03283,2020-06-16 08:00:00,2020-06-16 09:00:00,,,
B02653,2020-06-20 11:07:29,2020-06-20 11:19:14,,,
B02719,2020-06-27 09:41:41,2020-06-27 09:47:04,,,
B01239,2020-06-06 09:37:53,2020-06-06 09:41:19,,,
B01231,2020-06-22 17:19:02,2020-06-22 17:30:35,,,
B02550,2020-06-15 13:56:55,2020-06-15 14:25:24,,,
B01469,2020-06-25 15:08:52,2020-06-25 15:42:11,,,
B01454,2020-06-17 18:31:34,2020-06-17 18:45:19,,,
B02947,2020-06-01 09:30:00,2020-06-01 09:43:09,,,
B02834,2020-06-22 12:40:06,2020-06-22 12:54:27,,,
B02550,2020-06-04 12:59:20,2020-06-04 13:08:22,,,
B01239,2020-06-13 15:12:09,2020-06-13 15:18:07,,,
B01626,2020-06-09 07:54:32,2020-06-09 08:04:46,,,
B01259,2020-06-07 09:52:32,2020-06-07 10:23:10,,,
B01995,2020-06-02 01:24:41,2020-06-02 01:34:40,,,
B01061,2020-06-08 13:37:52,2020-06-08 13:51:28,,,
B01239,2020-06-15 09:09:49,2020-06-15 09:28:29,,,
B01239,2020-06-13 12:58:51,2020-06-13 13:07:49,,,
B00254,2020-06-29 07:00:23,2020-06-29 07:31:25,,,
B02107,2020-06-03 13:01:57,2020-06-03 13:39:11,,,
B00310,2020-06-30 10:56:37,2020-06-30 11:12:19,,,
B02677,2020-06-01 10:57:59,2020-06-01 10:59:58,,,
B03160,2020-06-04 06:46:00,2020-06-04 07:12:00,,,
B00856,2020-06-16 12:08:43,2020-06-16 12:28:16,,,
B00310,2020-06-30 13:58:26,2020-06-30 14:05:29,,,
B01339,2020-06-25 07:48:22,2020-06-25 08:09:25,,,
B01536,2020-06-26 09:40:45,2020-06-26 09:54:01,,,
B03016,2020-06-03 14:15:47,2020-06-03 14:30:56,,,
B02849,2020-06-11 22:08:12,2020-06-11 22:26:57,,,
B00256,2020-06-10 10:18:08,2020-06-10 10:48:19,,,
B01899,2020-06-25 07:48:28,2020-06-25 08:05:45,,,
B02794,2020-06-23 21:36:11,2020-06-23 21:41:10,,,
B01312,2020-06-09 10:31:35,2020-06-09 10:50:32,,,
B02846,2020-06-19 06:11:06,2020-06-19 06:41:03,,,
B01124,2020-06-30 16:34:43,2020-06-30 16:41:22,,,
B00112,2020-06-10 06:03:43,2020-06-10 06:03:47,,,
B01145,2020-06-17 09:19:52,2020-06-17 09:26:32,,,
B03016,2020-06-13 17:50:02,2020-06-13 17:53:19,,,
B00647,2020-06-02 07:34:30,2020-06-02 07:48:20,,,
B03015,2020-06-26 16:36:25,2020-06-26 17:30:42,,,
B00272,2020-06-22 04:30:00,2020-06-22 05:02:00,,,
B01057,2020-06-18 10:00:00,2020-06-18 10:20:00,,,
B01285,2020-06-26 10:30:15,2020-06-26 10:41:29,,,
B02437,2020-06-26 21:39:42,2020-06-26 21:52:04,,,
B02461,2020-06-16 11:48:24,2020-06-16 12:09:14,,,
B01899,2020-06-10 15:17:24,2020-06-10 15:31:30,,,
B03285,2020-06-19 17:46:48,2020-06-19 17:59:49,,,
B03138,2020-06-18 10:15:00,2020-06-18 11:04:00,,,
B03017,2020-06-26 09:57:39,2020-06-26 10:17:54,,,
B01148,2020-06-18 15:38:58,2020-06-18 16:10:31,,,
B03171,2020-06-25 08:20:28,2020-06-25 08:35:36,,,
B01239,2020-06-05 09:57:00,2020-06-05 10:16:15,,,
B00310,2020-06-24 12:09:32,2020-06-24 12:36:47,,,
B01051,2020-06-02 17:52:04,2020-06-02 17:55:56,,,
B01145,2020-06-20 15:08:16,2020-06-20 16:12:54,,,
B01537,2020-06-29 21:20:00,2020-06-29 21:33:00,,,
B01312,2020-06-22 18:20:10,2020-06-22 18:33:22,,,
B01710,2020-06-10 13:50:03,2020-06-10 14:18:39,,,
B01285,2020-06-25 09:20:26,2020-06-25 09:45:57,,,
B00095,2020-06-10 14:55:36,2020-06-10 15:02:11,,,
B01145,2020-06-24 06:34:04,2020-06-24 06:51:08,,,
B02293,2020-06-04 10:27:02,2020-06-04 10:50:12,,,
B01231,2020-06-24 12:31:04,2020-06-24 12:49:26,,,
B02794,2020-06-14 22:17:08,2020-06-14 22:25:08,,,
B03016,2020-06-23 11:17:07,2020-06-23 11:22:44,,,
B01263,2020-06-18 14:08:22,2020-06-18 14:24:13,,,
B01811,2020-06-22 21:25:08,2020-06-22 21:40:20,,,
B01087,2020-06-01 19:35:09,2020-06-01 20:06:10,,,
B02546,2020-06-22 20:36:57,2020-06-22 20:37:00,,,
B01285,2020-06-10 09:01:43,2020-06-10 09:14:58,,,
B03199,2020-06-17 17:07:00,2020-06-17 17:31:00,,,
B01995,2020-06-04 17:49:49,2020-06-04 18:16:34,,,
B01437,2020-06-16 15:35:54,2020-06-16 15:51:01,,,
B01259,2020-06-03 09:40:42,2020-06-03 09:49:49,,,
B02849,2020-06-15 07:47:26,2020-06-15 07:51:39,,,
B02509,2020-06-05 11:11:27,2020-06-05 11:34:45,,,
B02799,2020-06-25 19:31:20,2020-06-25 19:33:45,,,
B02735,2020-06-23 11:53:01,2020-06-23 11:56:56,,,
B01536,2020-06-17 13:45:16,2020-06-17 14:05:22,,,
B01899,2020-06-04 11:11:17,2020-06-04 11:16:29,,,
B03002,2020-06-08 12:32:12,2020-06-08 12:44:48,,,
B01285,2020-06-10 12:12:24,2020-06-10 12:16:26,,,
B01061,2020-06-15 00:58:39,2020-06-15 01:02:32,,,
B02799,2020-06-19 09:12:24,2020-06-19 09:15:28,,,
B03016,2020-06-13 05:19:07,2020-06-13 05:24:43,,,
B00821,2020-06-12 13:28:34,2020-06-12 13:41:19,,,
B01145,2020-06-06 06:51:16,2020-06-06 07:03:43,,,
B03017,2020-06-16 14:11:45,2020-06-16 14:11:49,,,
B03017,2020-06-22 12:32:20,2020-06-22 12:58:17,,,
B00856,2020-06-10 18:45:43,2020-06-10 18:59:58,,,
B01061,2020-06-28 14:54:17,2020-06-28 14:59:39,,,
B03017,2020-06-15 14:34:42,2020-06-15 14:35:05,,,
B01061,2020-06-22 22:18:13,2020-06-22 22:33:28,,,
B02930,2020-06-13 09:50:47,2020-06-13 09:55:33,,,
B01739,2020-06-01 22:20:57,2020-06-01 22:31:22,,,
B01312,2020-06-08 11:09:22,2020-06-08 11:11:33,,,
B02534,2020-06-27 19:54:00,2020-06-27 20:04:00,,,
B01312,2020-06-12 09:26:53,2020-06-12 09:31:34,,,
B01469,2020-06-20 11:46:49,2020-06-20 12:02:23,,,
B00225,2020-06-22 00:08:49,2020-06-22 00:31:04,,,
B01285,2020-06-09 07:22:30,2020-06-09 07:26:39,,,
B01051,2020-06-16 16:14:26,2020-06-16 16:26:14,,,
B03160,2020-06-15 15:58:00,2020-06-15 16:35:00,,,
B02735,2020-06-25 05:48:47,2020-06-25 05:58:56,,,
B00937,2020-06-28 20:24:44,2020-06-28 20:38:14,,,
B03016,2020-06-20 02:30:01,2020-06-20 02:46:04,,,
B02536,2020-06-28 03:49:00,2020-06-28 04:31:53,,,
B01536,2020-06-29 16:09:46,2020-06-29 16:33:52,,,
B01899,2020-06-21 07:41:30,2020-06-21 08:03:32,,,
B03057,2020-06-19 10:35:47,2020-06-19 10:41:32,,,
B00855,2020-06-02 09:00:00,2020-06-02 10:00:00,,,
B01312,2020-06-11 09:09:02,2020-06-11 09:41:55,,,
B01339,2020-06-14 05:32:59,2020-06-14 05:38:48,,,
B00429,2020-06-04 06:09:00,2020-06-04 06:15:00,,,
B01899,2020-06-09 21:00:55,2020-06-09 21:35:22,,,
B01065,2020-06-24 21:37:08,2020-06-24 21:42:20,,,
B02509,2020-06-23 12:04:35,2020-06-23 12:47:17,,,
B01899,2020-06-29 13:22:24,2020-06-29 14:08:41,,,
B01710,2020-06-12 09:07:19,2020-06-12 09:28:57,,,
B03187,2020-06-17 10:19:34,2020-06-17 10:19:49,,,
B02719,2020-06-04 09:04:05,2020-06-04 09:11:55,,,
B01899,2020-06-30 12:18:56,2020-06-30 12:31:50,,,
B03051,2020-06-27 13:29:16,2020-06-27 13:36:04,,,
B00856,2020-06-06 18:28:22,2020-06-06 18:45:23,,,
B00457,2020-06-15 12:59:10,2020-06-15 13:33:38,,,
B00911,2020-06-11 15:27:20,2020-06-11 15:46:35,,,
B00856,2020-06-08 12:40:15,2020-06-08 12:43:09,,,
B03060,2020-06-17 01:14:37,2020-06-17 01:18:57,,,
B01285,2020-06-23 13:23:08,2020-06-23 13:30:22,,,
B00225,2020-06-01 01:48:00,2020-06-01 02:03:00,,,
B00802,2020-06-25 17:07:25,2020-06-25 17:12:01,,,
B01065,2020-06-10 02:12:41,2020-06-10 02:58:10,,,
B00811,2020-06-17 10:11:38,2020-06-17 10:30:55,,,
B01145,2020-06-08 13:32:42,2020-06-08 13:37:59,,,
B00900,2020-06-27 00:20:21,2020-06-27 00:37:20,,,
B00225,2020-06-26 11:41:00,2020-06-26 11:46:16,,,
B02794,2020-06-02 12:55:13,2020-06-02 13:27:03,,,
B00706,2020-06-02 05:36:10,2020-06-02 05:40:06,,,
B01239,2020-06-02 12:56:18,2020-06-02 13:09:03,,,
B02794,2020-06-18 00:48:09,2020-06-18 00:52:09,,,
B01259,2020-06-22 04:26:53,2020-06-22 04:47:56,,,
B01315,2020-06-10 19:33:57,2020-06-10 19:52:59,,,
B02849,2020-06-16 23:39:01,2020-06-16 23:55:55,,,
B00911,2020-06-19 15:49:25,2020-06-19 16:37:05,,,
B01312,2020-06-01 16:21:06,2020-06-01 16:57:14,,,
B02437,2020-06-11 05:40:38,2020-06-11 06:01:33,,,
B01239,2020-06-01 20:52:50,2020-06-01 21:14:08,,,
B01231,2020-06-29 12:54:40,2020-06-29 12:58:19,,,
B00900,2020-06-03 06:56:05,2020-06-03 07:08:23,,,
B03016,2020-06-26 11:00:33,2020-06-26 11:10:07,,,
B00149,2020-06-01 16:29:32,2020-06-01 16:52:18,,,
B01259,2020-06-24 08:49:09,2020-06-24 09:09:43,,,
B00856,2020-06-13 09:09:26,2020-06-13 09:25:42,,,
B01454,2020-06-06 00:43:00,2020-06-06 01:15:13,,,
B02849,2020-06-19 00:32:38,2020-06-19 00:42:49,,,
B00310,2020-06-29 22:27:03,2020-06-29 22:40:27,,,
B01196,2020-06-18 00:01:46,2020-06-18 00:21:02,,,
B00887,2020-06-04 15:53:39,2020-06-04 17:50:12,,,
B03194,2020-06-09 13:30:00,2020-06-09 13:53:12,,,
B02735,2020-06-22 08:25:23,2020-06-22 10:53:46,,,
B00225,2020-06-02 13:07:53,2020-06-02 13:39:39,,,
B01239,2020-06-12 15:41:17,2020-06-12 15:45:11,,,
B01051,2020-06-30 10:04:03,2020-06-30 10:28:22,,,
B01437,2020-06-10 09:28:36,2020-06-10 09:45:40,,,
B01338,2020-06-08 19:07:41,2020-06-08 19:29:23,,,
B01626,2020-06-29 09:19:19,2020-06-29 09:31:44,,,
B01469,2020-06-29 21:26:19,2020-06-29 21:40:01,,,
B01667,2020-06-28 11:55:16,2020-06-28 12:14:13,,,
B01340,2020-06-08 10:44:35,2020-06-08 11:07:19,,,
B02834,2020-06-20 09:16:30,2020-06-20 09:21:22,,,
B02930,2020-06-28 23:09:36,2020-06-28 23:39:36,,,
B01639,2020-06-07 18:37:08,2020-06-07 18:45:30,,,
B02881,2020-06-08 13:28:37,2020-06-08 13:41:00,,,
B00706,2020-06-19 10:26:01,2020-06-19 11:00:11,,,
B01639,2020-06-20 00:55:26,2020-06-20 01:03:59,,,
B00647,2020-06-08 12:37:44,2020-06-08 13:01:10,,,
B02860,2020-06-22 10:15:00,2020-06-22 10:29:00,,,
B03016,2020-06-18 06:55:33,2020-06-18 07:04:25,,,
B03060,2020-06-03 06:38:14,2020-06-03 06:56:32,,,
B00823,2020-06-04 10:59:49,2020-06-04 11:22:20,,,
B02279,2020-06-17 18:29:24,2020-06-17 18:46:53,,,
B01454,2020-06-05 17:37:35,2020-06-05 17:54:09,,,
B00900,2020-06-03 13:57:58,2020-06-03 14:07:51,,,
B01437,2020-06-14 18:09:59,2020-06-14 18:13:15,,,
B01339,2020-06-13 14:56:02,2020-06-13 15:08:55,,,
B02942,2020-06-01 07:38:00,2020-06-01 07:56:00,,,
B02437,2020-06-30 05:37:40,2020-06-30 05:47:46,,,
B00948,2020-06-16 10:53:40,2020-06-16 11:06:43,,,
B00948,2020-06-22 13:10:18,2020-06-22 13:21:14,,,
B01083,2020-06-24 09:45:59,2020-06-24 10:05:23,,,
B00160,2020-06-11 09:54:00,2020-06-11 10:00:00,,,
B01339,2020-06-08 17:11:08,2020-06-08 17:30:00,,,
B01145,2020-06-06 16:45:24,2020-06-06 17:03:54,,,
B00789,2020-06-11 23:49:46,2020-06-11 23:56:55,,,
B02110,2020-06-17 13:36:48,2020-06-17 14:08:59,,,
B01196,2020-06-10 18:33:09,2020-06-10 18:57:57,,,
B01639,2020-06-14 22:36:56,2020-06-14 22:47:28,,,
B01233,2020-06-16 06:56:49,2020-06-16 07:07:59,,,
B02003,2020-06-17 16:10:51,2020-06-17 17:39:12,,,
B01389,2020-06-16 12:03:20,2020-06-16 12:20:13,,,
B00856,2020-06-23 17:30:33,2020-06-23 17:46:16,,,
B01437,2020-06-12 20:30:01,2020-06-12 20:33:10,,,
B02279,2020-06-14 10:03:32,2020-06-14 10:13:58,,,
B01145,2020-06-11 06:55:14,2020-06-11 07:00:37,,,
B01312,2020-06-01 16:22:23,2020-06-01 16:35:35,,,
B02947,2020-06-08 07:00:00,2020-06-08 07:05:44,,,
B00856,2020-06-23 16:28:32,2020-06-23 16:45:22,,,
B02735,2020-06-06 19:06:14,2020-06-06 19:24:46,,,
B01536,2020-06-19 04:43:42,2020-06-19 05:21:17,,,
B00856,2020-06-19 16:33:26,2020-06-19 16:49:43,,,
B01239,2020-06-16 00:35:05,2020-06-16 00:41:41,,,
B02735,2020-06-10 13:27:27,2020-06-10 14:11:53,,,
B01145,2020-06-22 08:25:59,2020-06-22 08:32:05,,,
B01315,2020-06-25 08:22:55,2020-06-25 08:58:08,,,
B00256,2020-06-07 13:34:30,2020-06-07 13:58:19,,,
B00900,2020-06-21 00:20:23,2020-06-21 00:32:24,,,
B01362,2020-06-06 15:38:49,2020-06-06 15:43:39,,,
B00021,2020-06-17 08:40:35,2020-06-17 08:54:27,,,
B01328,2020-06-09 16:37:00,2020-06-09 16:41:00,,,
B01239,2020-06-17 06:43:52,2020-06-17 06:59:56,,,
B02715,2020-06-23 07:23:14,2020-06-23 07:47:44,,,
B00900,2020-06-24 08:23:11,2020-06-24 08:32:19,,,
B01145,2020-06-28 16:29:06,2020-06-28 16:43:18,,,
B02550,2020-06-16 10:15:48,2020-06-16 11:17:46,,,
B01437,2020-06-06 13:00:21,2020-06-06 13:22:28,,,
B02677,2020-06-19 14:54:01,2020-06-19 15:27:18,,,
B00310,2020-06-04 09:44:52,2020-06-04 09:50:59,,,
B00856,2020-06-22 08:10:25,2020-06-22 08:19:25,,,
B01061,2020-06-05 09:26:56,2020-06-05 09:30:11,,,
B02437,2020-06-07 05:39:44,2020-06-07 06:07:25,,,
B03285,2020-06-05 13:26:57,2020-06-05 13:59:42,,,
B01231,2020-06-04 12:54:55,2020-06-04 12:59:28,,,
B01626,2020-06-24 12:15:58,2020-06-24 12:27:19,,,
B03060,2020-06-16 17:55:36,2020-06-16 18:11:41,,,
B00856,2020-06-24 03:10:08,2020-06-24 03:21:38,,,
B00856,2020-06-26 22:27:44,2020-06-26 22:52:47,,,
B02550,2020-06-30 12:17:31,2020-06-30 12:39:59,,,
B03002,2020-06-24 09:01:30,2020-06-24 09:30:12,,,
B02534,2020-06-18 15:26:00,2020-06-18 15:31:00,,,
B00706,2020-06-15 17:08:46,2020-06-15 17:26:58,,,
B02898,2020-06-23 12:26:29,2020-06-23 12:38:34,,,
B02849,2020-06-22 11:15:54,2020-06-22 11:30:56,,,
B02107,2020-06-11 13:50:18,2020-06-11 13:57:05,,,
B00628,2020-06-09 17:16:11,2020-06-09 17:44:05,,,
B02881,2020-06-16 11:04:59,2020-06-16 11:11:09,,,
B01083,2020-06-15 13:36:00,2020-06-15 13:42:44,,,
B02534,2020-06-03 18:53:00,2020-06-03 19:04:00,,,
B01364,2020-06-18 00:56:45,2020-06-18 01:15:44,,,
B00856,2020-06-07 11:19:48,2020-06-07 11:38:08,,,
B01437,2020-06-24 20:02:06,2020-06-24 20:29:36,,,
B02735,2020-06-24 22:53:13,2020-06-24 23:06:08,,,
B03194,2020-06-10 11:50:13,2020-06-10 11:59:10,,,
B02563,2020-06-15 20:12:43,2020-06-15 20:27:15,,,
B02794,2020-06-14 12:23:08,2020-06-14 12:31:02,,,
B00647,2020-06-25 04:52:25,2020-06-25 04:57:13,,,
B01312,2020-06-23 06:16:18,2020-06-23 06:18:12,,,
B00856,2020-06-23 01:51:59,2020-06-23 01:59:38,,,
B01148,2020-06-07 18:42:58,2020-06-07 18:52:17,,,
B01899,2020-06-28 16:40:58,2020-06-28 17:18:47,,,
B01984,2020-06-11 10:10:00,2020-06-11 11:03:00,,,
B00856,2020-06-22 20:48:07,2020-06-22 20:51:10,,,
B01061,2020-06-02 10:44:35,2020-06-02 10:55:34,,,
B00280,2020-06-11 16:03:43,2020-06-11 17:09:05,,,
B00856,2020-06-27 17:49:15,2020-06-27 18:03:01,,,
B01312,2020-06-22 10:56:38,2020-06-22 11:04:05,,,
B02550,2020-06-09 11:20:40,2020-06-09 11:42:42,,,
B02735,2020-06-30 14:05:02,2020-06-30 14:32:04,,,
B00647,2020-06-24 03:31:31,2020-06-24 03:42:36,,,
B03160,2020-06-26 14:16:00,2020-06-26 14:27:00,,,
B01653,2020-06-10 13:21:55,2020-06-10 14:01:54,,,
B01109,2020-06-17 09:00:11,2020-06-17 09:13:37,,,
B00692,2020-06-15 22:20:50,2020-06-15 22:50:37,,,
B01061,2020-06-13 16:38:35,2020-06-13 16:47:47,,,
B00987,2020-06-05 11:17:00,2020-06-05 11:58:00,,,
B02968,2020-06-17 10:13:34,2020-06-17 10:21:50,,,
B00856,2020-06-10 17:10:40,2020-06-10 17:20:49,,,
B02292,2020-06-06 14:53:52,2020-06-06 15:03:47,,,
B02794,2020-06-19 13:56:12,2020-06-19 14:09:10,,,
B02849,2020-06-09 09:49:04,2020-06-09 10:34:43,,,
B02243,2020-06-03 06:59:29,2020-06-03 07:52:03,,,
B01739,2020-06-02 13:54:26,2020-06-02 14:11:40,,,
B00856,2020-06-06 23:36:48,2020-06-06 23:48:25,,,
B02903,2020-06-15 10:41:10,2020-06-15 11:28:38,,,
B01145,2020-06-22 01:58:37,2020-06-22 02:18:43,,,
B01239,2020-06-13 06:06:00,2020-06-13 06:17:03,,,
B02728,2020-06-30 18:49:41,2020-06-30 19:10:31,,,
B02546,2020-06-26 21:04:26,2020-06-26 21:19:54,,,
B02173,2020-06-30 08:30:00,2020-06-30 10:30:00,,,
B01984,2020-06-12 11:20:00,2020-06-12 11:55:00,,,
B00856,2020-06-16 17:37:38,2020-06-16 17:48:19,,,
B02509,2020-06-02 10:42:36,2020-06-02 10:54:41,,,
B00647,2020-06-12 13:33:45,2020-06-12 14:11:40,,,
B03016,2020-06-12 09:36:56,2020-06-12 09:51:00,,,
B01200,2020-06-16 12:31:31,2020-06-16 12:43:53,,,
B02563,2020-06-22 13:28:33,2020-06-22 13:42:00,,,
B02671,2020-06-17 10:42:15,2020-06-17 10:51:10,,,
B01231,2020-06-08 09:50:25,2020-06-08 10:07:09,,,
B01145,2020-06-22 08:21:24,2020-06-22 08:31:59,,,
B01145,2020-06-17 16:01:15,2020-06-17 16:25:59,,,
B01039,2020-06-05 06:33:00,2020-06-05 06:46:00,,,
B02110,2020-06-03 11:59:29,2020-06-03 12:12:20,,,
B03160,2020-06-27 13:52:00,2020-06-27 14:07:00,,,
B02715,2020-06-19 18:23:57,2020-06-19 19:05:49,,,
B03016,2020-06-13 07:12:02,2020-06-13 07:21:22,,,
B02715,2020-06-23 16:36:45,2020-06-23 17:29:38,,,
B03266,2020-06-20 17:26:53,2020-06-20 17:43:34,,,
B00937,2020-06-07 19:56:30,2020-06-07 20:12:55,,,
B03051,2020-06-10 13:06:22,2020-06-10 13:09:23,,,
B03160,2020-06-22 13:12:00,2020-06-22 13:27:00,,,
B02671,2020-06-25 07:33:21,2020-06-25 08:04:42,,,
B01145,2020-06-28 07:52:39,2020-06-28 08:07:34,,,
B01899,2020-06-14 12:48:12,2020-06-14 12:56:05,,,
B01239,2020-06-11 17:02:55,2020-06-11 17:09:43,,,
B00900,2020-06-28 14:01:35,2020-06-28 14:09:29,,,
B02534,2020-06-04 08:06:00,2020-06-04 08:37:00,,,
B00987,2020-06-15 07:14:00,2020-06-15 07:25:00,,,
B01717,2020-06-21 12:00:40,2020-06-21 12:12:40,,,
B00310,2020-06-27 10:20:33,2020-06-27 10:29:59,,,
B01899,2020-06-25 10:19:05,2020-06-25 10:53:03,,,
B00937,2020-06-27 04:01:14,2020-06-27 04:09:43,,,
B01312,2020-06-04 09:17:55,2020-06-04 09:23:41,,,
B00948,2020-06-18 17:50:29,2020-06-18 18:15:34,,,
B03017,2020-06-02 08:52:07,2020-06-02 09:09:59,,,
B03028,2020-06-20 15:54:42,2020-06-20 16:00:03,,,
B02794,2020-06-05 18:09:10,2020-06-05 18:42:09,,,
B01639,2020-06-17 16:35:49,2020-06-17 16:55:29,,,
B01537,2020-06-23 19:59:00,2020-06-23 20:12:00,,,
B01455,2020-06-16 00:12:38,2020-06-16 00:20:57,,,
B00222,2020-06-06 09:41:10,2020-06-06 10:12:11,,,
B00706,2020-06-22 11:42:59,2020-06-22 11:55:37,,,
B00856,2020-06-23 18:35:22,2020-06-23 18:47:21,,,
B02437,2020-06-20 14:25:42,2020-06-20 14:40:46,,,
B00856,2020-06-04 05:25:38,2020-06-04 05:44:25,,,
B00706,2020-06-08 01:14:25,2020-06-08 01:24:34,,,
B02735,2020-06-12 00:34:29,2020-06-12 00:46:22,,,
B01417,2020-06-22 08:46:19,2020-06-22 09:06:57,,,
B03204,2020-06-20 10:51:23,2020-06-20 10:52:43,,,
B03060,2020-06-01 13:26:21,2020-06-01 13:42:00,,,
B00449,2020-06-23 16:05:19,2020-06-23 16:24:23,,,
B01639,2020-06-12 13:27:32,2020-06-12 13:45:07,,,
B03016,2020-06-16 13:15:48,2020-06-16 13:26:03,,,
B01065,2020-06-24 15:07:32,2020-06-24 15:24:38,,,
B01259,2020-06-29 19:19:15,2020-06-29 19:29:56,,,
B02825,2020-06-23 13:18:58,2020-06-23 13:44:41,,,
B01285,2020-06-11 03:56:50,2020-06-11 04:07:34,,,
B02133,2020-06-21 12:11:01,2020-06-21 12:35:03,,,
B01899,2020-06-25 13:29:59,2020-06-25 13:35:07,,,
B00706,2020-06-12 10:25:28,2020-06-12 10:29:36,,,
B00706,2020-06-17 11:47:33,2020-06-17 11:52:45,,,
B00937,2020-06-29 08:40:13,2020-06-29 08:42:15,,,
B01639,2020-06-14 06:48:58,2020-06-14 06:53:53,,,
B03016,2020-06-01 07:26:34,2020-06-01 07:46:29,,,
B01196,2020-06-02 16:11:49,2020-06-02 16:22:20,,,
B01312,2020-06-15 12:40:17,2020-06-15 12:49:08,,,
B02293,2020-06-16 10:28:05,2020-06-16 12:47:55,,,
B00310,2020-06-14 17:11:13,2020-06-14 17:16:14,,,
B00821,2020-06-26 00:41:41,2020-06-26 00:47:27,,,
B00310,2020-06-11 18:07:52,2020-06-11 18:13:54,,,
B02182,2020-06-29 15:53:15,2020-06-29 16:37:01,,,
B01717,2020-06-03 08:07:00,2020-06-03 08:16:21,,,
B01259,2020-06-26 12:45:24,2020-06-26 12:58:41,,,
B02437,2020-06-19 11:07:41,2020-06-19 11:24:12,,,
B01899,2020-06-03 15:29:01,2020-06-03 16:00:54,,,
B01051,2020-06-28 06:56:10,2020-06-28 07:01:08,,,
B00536,2020-06-26 09:43:56,2020-06-26 10:04:25,,,
B00900,2020-06-28 01:03:16,2020-06-28 01:07:47,,,
B02671,2020-06-04 12:04:02,2020-06-04 12:06:49,,,
B00277,2020-06-26 21:10:44,2020-06-26 21:32:39,,,
B00756,2020-06-14 08:20:00,2020-06-14 08:30:00,,,
B01899,2020-06-24 09:50:36,2020-06-24 10:13:32,,,
B01717,2020-06-28 02:19:02,2020-06-28 02:20:44,,,
B00821,2020-06-21 11:52:46,2020-06-21 11:59:15,,,
B01285,2020-06-30 10:42:03,2020-06-30 10:57:06,,,
B01231,2020-06-25 08:11:22,2020-06-25 08:19:41,,,
B02671,2020-06-22 17:28:17,2020-06-22 17:32:05,,,
B01051,2020-06-15 01:59:12,2020-06-15 02:10:53,,,
B02546,2020-06-04 12:04:36,2020-06-04 12:14:53,,,
B01653,2020-06-26 20:33:08,2020-06-26 20:40:25,,,
B02671,2020-06-15 10:53:50,2020-06-15 11:03:21,,,
B00310,2020-06-05 16:58:02,2020-06-05 18:15:00,,,
B01717,2020-06-12 14:33:21,2020-06-12 14:52:30,,,
B01016,2020-06-25 15:12:09,2020-06-25 15:13:15,,,
B01811,2020-06-22 03:42:33,2020-06-22 03:48:26,,,
B03016,2020-06-21 08:13:06,2020-06-21 08:17:40,,,
B00856,2020-06-04 06:15:50,2020-06-04 06:31:12,,,
B01315,2020-06-19 01:48:57,2020-06-19 01:54:40,,,
B01061,2020-06-29 07:50:04,2020-06-29 07:58:29,,,
B00837,2020-06-11 17:39:43,2020-06-11 18:20:55,,,
B00887,2020-06-26 13:51:18,2020-06-26 16:17:12,,,
B02783,2020-06-19 10:28:38,2020-06-19 10:41:01,,,
B01536,2020-06-27 14:03:48,2020-06-27 14:35:42,,,
B01285,2020-06-18 19:17:38,2020-06-18 19:34:25,,,
B01338,2020-06-08 11:21:09,2020-06-08 11:36:09,,,
B00821,2020-06-10 14:54:34,2020-06-10 15:13:34,,,
B03060,2020-06-12 09:42:25,2020-06-12 09:48:40,,,
B03285,2020-06-19 07:28:53,2020-06-19 07:43:29,,,
B01148,2020-06-24 13:00:00,2020-06-24 13:15:09,,,
B02550,2020-06-02 12:53:19,2020-06-02 13:08:32,,,
B01469,2020-06-07 10:38:32,2020-06-07 10:48:30,,,
B02951,2020-06-12 07:51:41,2020-06-12 08:15:58,,,
B02550,2020-06-29 15:40:22,2020-06-29 16:50:59,,,
B02930,2020-06-11 18:34:18,2020-06-11 18:38:12,,,
B00225,2020-06-17 10:19:35,2020-06-17 10:24:50,,,
B02794,2020-06-29 07:48:10,2020-06-29 07:52:10,,,
B03285,2020-06-28 14:25:27,2020-06-28 14:43:35,,,
B01338,2020-06-15 13:19:45,2020-06-15 13:32:48,,,
B01437,2020-06-12 21:32:17,2020-06-12 21:42:02,,,
B01196,2020-06-25 23:32:06,2020-06-25 23:47:30,,,
B01606,2020-06-23 19:47:44,2020-06-23 19:56:32,,,
B03107,2020-06-17 06:26:56,2020-06-17 08:01:32,,,
B02794,2020-06-11 22:06:09,2020-06-11 22:15:24,,,
B00647,2020-06-21 01:42:35,2020-06-21 01:46:18,,,
B01984,2020-06-01 13:36:00,2020-06-01 14:06:00,,,
B00900,2020-06-29 22:33:01,2020-06-29 22:40:02,,,
B02509,2020-06-09 12:58:13,2020-06-09 13:11:28,,,
B00256,2020-06-25 11:20:00,2020-06-25 11:25:52,,,
B01259,2020-06-21 10:44:56,2020-06-21 10:48:38,,,
B00756,2020-06-05 18:10:00,2020-06-05 18:17:00,,,
B02550,2020-06-02 10:11:32,2020-06-02 10:31:40,,,
B02735,2020-06-05 12:38:57,2020-06-05 12:53:58,,,
B02461,2020-06-23 10:27:15,2020-06-23 10:43:01,,,
B01145,2020-06-16 10:46:55,2020-06-16 11:01:33,,,
B01145,2020-06-19 16:08:50,2020-06-19 16:33:32,,,
B01536,2020-06-22 13:57:56,2020-06-22 14:16:13,,,
B01312,2020-06-04 11:59:02,2020-06-04 12:24:04,,,
B00706,2020-06-16 09:58:06,2020-06-16 10:28:42,,,
B01667,2020-06-09 16:42:46,2020-06-09 17:02:48,,,
B00900,2020-06-07 11:02:55,2020-06-07 11:31:23,,,
B02942,2020-06-03 06:42:00,2020-06-03 06:53:00,,,
B00037,2020-06-13 08:42:07,2020-06-13 08:53:50,,,
B02107,2020-06-06 11:14:14,2020-06-06 11:19:52,,,
B02279,2020-06-20 13:00:49,2020-06-20 13:05:18,,,
B01559,2020-06-24 19:33:42,2020-06-24 19:45:42,,,
B01663,2020-06-28 04:41:12,2020-06-28 04:44:56,,,
B01871,2020-06-30 20:06:00,2020-06-30 20:57:00,,,
B01312,2020-06-05 10:27:21,2020-06-05 10:38:32,,,
B01312,2020-06-22 07:51:13,2020-06-22 07:52:16,,,
B02550,2020-06-04 09:59:27,2020-06-04 10:07:22,,,
B01233,2020-06-11 20:46:18,2020-06-11 20:55:54,,,
B00457,2020-06-03 10:02:02,2020-06-03 10:16:19,,,
B01239,2020-06-17 23:12:12,2020-06-17 23:25:24,,,
B02671,2020-06-27 08:57:35,2020-06-27 09:02:31,,,
B01312,2020-06-15 15:01:10,2020-06-15 15:22:51,,,
B01145,2020-06-16 11:01:49,2020-06-16 11:07:42,,,
B01312,2020-06-24 17:38:15,2020-06-24 17:42:42,,,
B01233,2020-06-22 08:13:59,2020-06-22 08:29:31,,,
B01312,2020-06-02 16:02:26,2020-06-02 16:43:49,,,
B01420,2020-06-02 11:20:00,2020-06-02 12:06:00,,,
B02735,2020-06-22 08:47:25,2020-06-22 09:07:59,,,
B02653,2020-06-02 17:22:24,2020-06-02 17:52:19,,,
B01231,2020-06-19 13:14:01,2020-06-19 13:18:04,,,
B03051,2020-06-25 13:22:36,2020-06-25 13:27:49,,,
B01536,2020-06-09 10:04:05,2020-06-09 10:11:20,,,
B02719,2020-06-29 18:28:58,2020-06-29 18:49:27,,,
B02550,2020-06-15 08:43:21,2020-06-15 08:50:45,,,
B01231,2020-06-02 07:42:27,2020-06-02 08:16:41,,,
B01145,2020-06-21 04:49:14,2020-06-21 05:04:41,,,
B01091,2020-06-01 11:25:34,2020-06-01 11:35:41,,,
B01051,2020-06-10 20:43:07,2020-06-10 20:49:22,,,
B01087,2020-06-11 19:41:14,2020-06-11 20:12:58,,,
B00225,2020-06-25 12:24:20,2020-06-25 12:29:21,,,
B01362,2020-06-15 09:26:22,2020-06-15 09:48:59,,,
B01039,2020-06-23 16:29:00,2020-06-23 17:10:00,,,
B01626,2020-06-21 11:53:52,2020-06-21 12:08:41,,,
B02794,2020-06-23 01:44:12,2020-06-23 01:46:12,,,
B01145,2020-06-19 10:20:29,2020-06-19 10:48:24,,,
B01536,2020-06-11 21:47:23,2020-06-11 21:52:58,,,
B01061,2020-06-25 20:59:00,2020-06-25 21:15:21,,,
B01239,2020-06-15 14:40:03,2020-06-15 14:54:44,,,
B00856,2020-06-15 01:58:13,2020-06-15 02:08:18,,,
B00254,2020-06-19 11:29:25,2020-06-19 11:46:44,,,
B02794,2020-06-12 12:30:48,2020-06-12 12:51:39,,,
B02794,2020-06-21 09:00:10,2020-06-21 09:08:09,,,
B03128,2020-06-19 09:15:00,2020-06-19 09:24:55,,,
B02968,2020-06-27 08:22:43,2020-06-27 08:49:50,,,
B03107,2020-06-25 12:26:18,2020-06-25 13:21:11,,,
B03051,2020-06-25 19:17:15,2020-06-25 19:36:54,,,
B01239,2020-06-01 15:44:36,2020-06-01 15:59:39,,,
B01231,2020-06-22 18:15:18,2020-06-22 18:34:48,,,
B01717,2020-06-14 14:13:49,2020-06-14 14:15:39,,,
B01312,2020-06-24 18:24:38,2020-06-24 18:35:35,,,
B02855,2020-06-20 09:58:30,2020-06-20 10:47:01,,,
B02794,2020-06-20 00:44:01,2020-06-20 00:54:30,,,
B01231,2020-06-16 08:13:39,2020-06-16 08:46:31,,,
B01231,2020-06-12 11:50:00,2020-06-12 12:04:23,,,
B03060,2020-06-27 21:05:41,2020-06-27 21:14:36,,,
B00647,2020-06-10 08:33:01,2020-06-10 08:55:21,,,
B02715,2020-06-29 12:25:28,2020-06-29 13:00:27,,,
B03160,2020-06-28 14:43:00,2020-06-28 14:51:00,,,
B02550,2020-06-04 13:13:06,2020-06-04 13:26:56,,,
B02944,2020-06-15 10:55:00,2020-06-15 11:19:44,,,
B01239,2020-06-05 07:47:31,2020-06-05 08:00:46,,,
B01437,2020-06-21 03:30:59,2020-06-21 03:43:58,,,
B01318,2020-06-16 16:18:39,2020-06-16 18:47:57,,,
B00310,2020-06-28 07:55:38,2020-06-28 08:02:35,,,
B00310,2020-06-25 05:12:39,2020-06-25 05:18:22,,,
B01285,2020-06-26 04:42:20,2020-06-26 04:51:29,,,
B00225,2020-06-23 16:38:06,2020-06-23 16:47:42,,,
B03016,2020-06-14 15:41:59,2020-06-14 15:53:33,,,
B02550,2020-06-24 05:05:50,2020-06-24 05:10:35,,,
B03002,2020-06-15 09:28:10,2020-06-15 09:40:52,,,
B00310,2020-06-11 07:53:11,2020-06-11 08:02:52,,,
B01231,2020-06-18 14:30:38,2020-06-18 14:50:03,,,
B01437,2020-06-01 16:28:05,2020-06-01 16:42:09,,,
B01312,2020-06-26 07:46:03,2020-06-26 07:48:43,,,
B01899,2020-06-11 08:12:00,2020-06-11 08:35:36,,,
B00900,2020-06-18 17:59:33,2020-06-18 18:16:01,,,
B01437,2020-06-14 22:21:52,2020-06-14 22:24:40,,,
B01437,2020-06-29 18:23:55,2020-06-29 18:34:42,,,
B01362,2020-06-01 13:47:16,2020-06-01 13:55:42,,,
B00911,2020-06-05 05:14:26,2020-06-05 05:33:30,,,
B01051,2020-06-29 04:31:02,2020-06-29 04:42:44,,,
B00647,2020-06-03 06:20:57,2020-06-03 06:31:21,,,
B02429,2020-06-17 12:54:47,2020-06-17 13:03:46,,,
B02671,2020-06-24 11:01:05,2020-06-24 11:10:20,,,
B01315,2020-06-14 11:57:51,2020-06-14 12:08:17,,,
B01340,2020-06-26 03:54:41,2020-06-26 04:10:25,,,
B02677,2020-06-23 04:35:51,2020-06-23 04:43:44,,,
B01239,2020-06-06 05:16:18,2020-06-06 05:21:08,,,
B02437,2020-06-08 13:30:56,2020-06-08 13:38:13,,,
B01231,2020-06-24 14:12:48,2020-06-24 14:19:03,,,
B01061,2020-06-04 11:36:53,2020-06-04 11:38:54,,,
B02279,2020-06-21 17:04:06,2020-06-21 17:15:22,,,
B01899,2020-06-17 08:17:17,2020-06-17 09:13:08,,,
B02782,2020-06-12 14:40:00,2020-06-12 14:43:00,,,
B01145,2020-06-21 06:41:43,2020-06-21 06:59:49,,,
B00856,2020-06-05 13:22:41,2020-06-05 13:56:33,,,
B03160,2020-06-30 09:02:00,2020-06-30 09:29:00,,,
B03016,2020-06-06 18:08:53,2020-06-06 18:32:26,,,
B01639,2020-06-12 06:18:59,2020-06-12 06:50:43,,,
B02563,2020-06-19 20:17:43,2020-06-19 20:34:16,,,
B00647,2020-06-24 07:43:11,2020-06-24 07:49:31,,,
B00256,2020-06-17 14:35:26,2020-06-17 14:46:25,,,
B01452,2020-06-30 16:30:38,2020-06-30 16:39:30,,,
B00856,2020-06-28 14:38:40,2020-06-28 14:56:56,,,
B01079,2020-06-25 15:58:44,2020-06-25 16:15:14,,,
B03060,2020-06-16 07:01:57,2020-06-16 07:14:45,,,
B02735,2020-06-29 10:10:27,2020-06-29 10:13:44,,,
B01417,2020-06-16 12:08:50,2020-06-16 12:34:21,,,
B03016,2020-06-04 18:53:06,2020-06-04 19:00:34,,,
B00900,2020-06-16 06:43:33,2020-06-16 06:54:21,,,
B01239,2020-06-29 00:53:47,2020-06-29 01:09:32,,,
B01239,2020-06-04 15:45:38,2020-06-04 16:01:37,,,
B01285,2020-06-08 07:53:43,2020-06-08 08:13:34,,,
B00900,2020-06-25 08:20:56,2020-06-25 08:25:08,,,
B01534,2020-06-12 14:21:56,2020-06-12 14:47:22,,,
B02162,2020-06-13 23:16:20,2020-06-13 23:25:00,,,
B01065,2020-06-24 10:24:57,2020-06-24 10:43:52,,,
B02162,2020-06-24 18:32:43,2020-06-24 18:36:31,,,
B00823,2020-06-26 10:15:00,2020-06-26 10:45:54,,,
B03266,2020-06-19 19:47:43,2020-06-19 19:57:05,,,
B00477,2020-06-03 12:45:29,2020-06-03 12:58:53,,,
B02794,2020-06-04 19:11:12,2020-06-04 19:22:11,,,
B02563,2020-06-24 12:50:50,2020-06-24 12:57:30,,,
B00856,2020-06-27 10:29:38,2020-06-27 10:36:51,,,
B00856,2020-06-12 20:15:22,2020-06-12 20:23:37,,,
B00536,2020-06-11 13:46:47,2020-06-11 13:50:05,,,
B01437,2020-06-21 00:02:08,2020-06-21 00:04:29,,,
B00856,2020-06-23 09:32:40,2020-06-23 09:38:59,,,
B00149,2020-06-05 18:11:10,2020-06-05 18:17:10,,,
B02920,2020-06-10 13:36:54,2020-06-10 14:25:44,,,
B02677,2020-06-25 18:14:50,2020-06-25 18:22:05,,,
B01899,2020-06-24 15:10:21,2020-06-24 15:35:02,,,
B01445,2020-06-05 16:40:00,2020-06-05 16:48:00,,,
B01536,2020-06-22 21:46:32,2020-06-22 21:58:22,,,
B01437,2020-06-12 12:00:52,2020-06-12 12:23:24,,,
B02834,2020-06-09 12:31:03,2020-06-09 12:43:29,,,
B03297,2020-06-14 15:25:00,2020-06-14 15:54:00,,,
B01065,2020-06-05 11:53:03,2020-06-05 12:03:22,,,
B02067,2020-06-17 13:24:07,2020-06-17 13:45:30,,,
B02968,2020-06-21 08:13:27,2020-06-21 08:22:59,,,
B00789,2020-06-15 17:13:50,2020-06-15 18:11:00,,,
B00647,2020-06-14 21:17:36,2020-06-14 21:22:46,,,
B01145,2020-06-13 19:41:57,2020-06-13 19:57:11,,,
B01239,2020-06-11 02:16:32,2020-06-11 02:28:03,,,
B01639,2020-06-22 23:17:55,2020-06-22 23:33:14,,,
B00412,2020-06-09 12:03:08,2020-06-09 12:22:06,,,
B02756,2020-06-22 17:05:00,2020-06-22 17:30:00,,,
B03160,2020-06-14 23:54:00,2020-06-15 00:34:00,,,
B02968,2020-06-29 12:40:55,2020-06-29 12:54:56,,,
B02898,2020-06-08 07:51:30,2020-06-08 08:04:38,,,
B00647,2020-06-20 16:48:40,2020-06-20 16:53:19,,,
B01364,2020-06-05 13:00:41,2020-06-05 13:10:55,,,
B00647,2020-06-05 11:39:47,2020-06-05 11:50:36,,,
B00429,2020-06-28 10:06:00,2020-06-28 10:11:00,,,
B01315,2020-06-16 12:44:44,2020-06-16 13:00:31,,,
B01315,2020-06-14 22:31:05,2020-06-14 22:34:10,,,
B02719,2020-06-26 10:30:32,2020-06-26 10:37:02,,,
B01340,2020-06-28 10:36:00,2020-06-28 10:43:39,,,
B00706,2020-06-20 14:27:35,2020-06-20 14:53:06,,,
B01315,2020-06-29 10:34:25,2020-06-29 11:13:16,,,
B03016,2020-06-01 08:14:48,2020-06-01 08:25:33,,,
B01470,2020-06-30 14:13:39,2020-06-30 14:57:58,,,
B00013,2020-06-23 16:05:47,2020-06-23 17:19:48,,,
B03140,2020-06-18 09:54:00,2020-06-18 10:19:00,,,
B03285,2020-06-09 16:04:14,2020-06-09 16:30:38,,,
B02799,2020-06-28 08:05:47,2020-06-28 08:14:09,,,
B00900,2020-06-14 07:44:44,2020-06-14 07:51:06,,,
B02671,2020-06-05 19:17:32,2020-06-05 19:23:17,,,
B02849,2020-06-25 08:09:33,2020-06-25 08:13:00,,,
B01710,2020-06-16 14:50:09,2020-06-16 15:14:17,,,
B01065,2020-06-09 17:21:34,2020-06-09 17:30:18,,,
B00856,2020-06-15 00:14:06,2020-06-15 00:21:27,,,
B00597,2020-06-26 12:34:00,2020-06-26 12:59:00,,,
B00823,2020-06-23 15:23:16,2020-06-23 16:23:23,,,
B02735,2020-06-29 12:54:37,2020-06-29 13:09:41,,,
B01312,2020-06-22 13:19:40,2020-06-22 13:50:16,,,
B02674,2020-06-05 12:55:43,2020-06-05 13:11:21,,,
B01995,2020-06-02 10:33:12,2020-06-02 10:45:17,,,
B01016,2020-06-30 11:38:06,2020-06-30 11:40:13,,,
B01239,2020-06-01 16:53:02,2020-06-01 16:58:28,,,
B01145,2020-06-05 08:02:10,2020-06-05 08:23:24,,,
B00037,2020-06-11 08:30:53,2020-06-11 08:41:11,,,
B01145,2020-06-05 18:41:54,2020-06-05 19:02:42,,,
B01899,2020-06-01 11:41:29,2020-06-01 12:09:19,,,
B01051,2020-06-10 23:08:42,2020-06-10 23:21:40,,,
B02563,2020-06-20 23:28:14,2020-06-20 23:34:26,,,
B01145,2020-06-30 11:01:22,2020-06-30 11:18:08,,,
B01239,2020-06-20 22:45:09,2020-06-20 23:05:50,,,
B01308,2020-06-29 12:37:00,2020-06-29 12:49:00,,,
B00937,2020-06-03 05:35:58,2020-06-03 05:44:36,,,
B00457,2020-06-20 08:34:30,2020-06-20 08:45:33,,,
B01312,2020-06-19 04:02:16,2020-06-19 04:11:41,,,
B02735,2020-06-29 18:41:32,2020-06-29 18:51:46,,,
B02163,2020-06-05 04:25:02,2020-06-05 04:48:20,,,
B00948,2020-06-19 08:58:15,2020-06-19 09:06:05,,,
B03060,2020-06-27 01:01:41,2020-06-27 01:07:09,,,
B02794,2020-06-27 10:35:11,2020-06-27 10:49:26,,,
B02279,2020-06-11 08:26:07,2020-06-11 08:36:58,,,
B02947,2020-06-11 13:00:00,2020-06-11 13:15:21,,,
B01176,2020-06-13 12:48:26,2020-06-13 13:17:45,,,
B00254,2020-06-22 06:54:52,2020-06-22 07:02:01,,,
B01536,2020-06-24 02:47:37,2020-06-24 02:53:34,,,
B02107,2020-06-15 09:53:39,2020-06-15 10:02:35,,,
B00037,2020-06-29 12:17:04,2020-06-29 12:33:41,,,
B00350,2020-06-19 19:15:23,2020-06-19 19:32:00,,,
B02944,2020-06-03 08:24:00,2020-06-03 08:35:50,,,
B01312,2020-06-22 15:37:38,2020-06-22 16:04:32,,,
B01145,2020-06-28 08:49:25,2020-06-28 08:56:01,,,
B02437,2020-06-23 00:02:47,2020-06-23 00:10:40,,,
B00225,2020-06-27 23:57:13,2020-06-28 00:25:33,,,
B03016,2020-06-29 15:34:15,2020-06-29 15:47:46,,,
B02550,2020-06-26 09:01:52,2020-06-26 09:41:29,,,
B01239,2020-06-17 15:55:48,2020-06-17 16:07:51,,,
B01285,2020-06-18 11:35:17,2020-06-18 11:47:41,,,
B01196,2020-06-23 10:11:46,2020-06-23 10:21:09,,,
B01083,2020-06-25 00:09:51,2020-06-25 00:22:25,,,
B00647,2020-06-29 07:23:46,2020-06-29 07:31:41,,,
B03016,2020-06-06 05:57:03,2020-06-06 06:06:37,,,
B02550,2020-06-15 11:04:40,2020-06-15 11:26:27,,,
B00225,2020-06-07 12:47:53,2020-06-07 14:06:16,,,
B00310,2020-06-11 11:35:43,2020-06-11 11:50:25,,,
B00706,2020-06-06 13:24:15,2020-06-06 13:30:46,,,
B02968,2020-06-01 11:54:27,2020-06-01 12:12:53,,,
B01525,2020-06-18 16:35:25,2020-06-18 16:44:42,,,
B02814,2020-06-16 09:04:10,2020-06-16 09:22:03,,,
B01312,2020-06-30 17:00:41,2020-06-30 17:06:49,,,
B01312,2020-06-05 16:06:44,2020-06-05 17:06:08,,,
B00706,2020-06-05 10:43:51,2020-06-05 11:07:43,,,
B03188,2020-06-23 12:37:52,2020-06-23 12:45:06,,,
B01469,2020-06-22 14:50:14,2020-06-22 15:01:01,,,
B01239,2020-06-16 19:58:08,2020-06-16 20:17:10,,,
B01087,2020-06-29 19:19:37,2020-06-29 19:47:02,,,
B01811,2020-06-17 22:46:55,2020-06-17 22:57:19,,,
B03160,2020-06-10 11:50:00,2020-06-10 12:21:00,,,
B01312,2020-06-10 11:48:53,2020-06-10 12:27:24,,,
B01469,2020-06-27 19:22:35,2020-06-27 19:29:03,,,
B00429,2020-06-25 14:00:00,2020-06-25 14:10:00,,,
B00821,2020-06-13 17:42:55,2020-06-13 17:53:34,,,
B02563,2020-06-19 20:40:15,2020-06-19 20:49:43,,,
B00948,2020-06-16 14:41:23,2020-06-16 14:57:32,,,
B03016,2020-06-19 16:56:49,2020-06-19 17:30:30,,,
B01051,2020-06-10 09:14:30,2020-06-10 09:17:46,,,
B02437,2020-06-09 07:47:39,2020-06-09 07:59:34,,,
B02674,2020-06-01 10:17:10,2020-06-01 10:31:24,,,
B00457,2020-06-18 13:33:00,2020-06-18 13:59:14,,,
B00647,2020-06-29 13:48:39,2020-06-29 14:06:52,,,
B02782,2020-06-03 14:37:00,2020-06-03 14:48:00,,,
B00492,2020-06-19 09:56:00,2020-06-19 10:07:00,,,
B01437,2020-06-08 06:14:21,2020-06-08 06:18:23,,,
B02653,2020-06-27 16:34:47,2020-06-27 17:04:39,,,
B02437,2020-06-30 05:43:44,2020-06-30 05:49:40,,,
B01777,2020-06-20 11:13:21,2020-06-20 11:24:51,,,
B01626,2020-06-13 09:38:36,2020-06-13 09:59:02,,,
B02003,2020-06-03 07:31:03,2020-06-03 08:24:27,,,
B00856,2020-06-07 15:23:18,2020-06-07 15:30:33,,,
B01340,2020-06-06 18:09:38,2020-06-06 18:47:44,,,
B02735,2020-06-29 09:40:24,2020-06-29 09:53:56,,,
B02292,2020-06-23 09:41:45,2020-06-23 10:26:15,,,
B01899,2020-06-19 09:21:18,2020-06-19 09:30:51,,,
B01233,2020-06-20 16:31:50,2020-06-20 16:34:04,,,
B01061,2020-06-29 07:41:05,2020-06-29 08:12:25,,,
B00706,2020-06-10 07:06:42,2020-06-10 07:10:42,,,
B00021,2020-06-16 12:28:50,2020-06-16 12:50:47,,,
B02634,2020-06-13 08:45:01,2020-06-13 08:53:21,,,
B01899,2020-06-14 13:42:57,2020-06-14 14:02:26,,,
B00037,2020-06-15 08:04:21,2020-06-15 08:21:00,,,
B01312,2020-06-01 17:52:29,2020-06-01 18:03:42,,,
B00856,2020-06-23 09:06:20,2020-06-23 09:11:00,,,
B01145,2020-06-02 11:21:02,2020-06-02 11:34:20,,,
B00531,2020-06-23 16:23:33,2020-06-23 17:22:01,,,
B02509,2020-06-01 11:09:06,2020-06-01 11:35:23,,,
B01083,2020-06-26 01:26:18,2020-06-26 01:31:23,,,
B03016,2020-06-15 21:39:25,2020-06-15 21:55:40,,,
B02537,2020-06-21 07:22:27,2020-06-21 07:25:50,,,
B02437,2020-06-26 11:17:56,2020-06-26 11:22:21,,,
B02550,2020-06-12 12:43:53,2020-06-12 13:11:47,,,
B01109,2020-06-16 13:15:10,2020-06-16 13:24:09,,,
B00310,2020-06-30 07:51:19,2020-06-30 08:08:47,,,
B01362,2020-06-30 16:24:45,2020-06-30 16:43:41,,,
B00948,2020-06-05 14:31:22,2020-06-05 14:43:15,,,
B01899,2020-06-22 07:15:39,2020-06-22 07:51:00,,,
B03160,2020-06-26 13:36:00,2020-06-26 13:42:00,,,
B00856,2020-06-20 01:47:39,2020-06-20 01:54:19,,,
B00310,2020-06-10 19:18:01,2020-06-10 19:23:43,,,
B03016,2020-06-02 15:28:47,2020-06-02 15:37:55,,,
B01568,2020-06-06 13:20:10,2020-06-06 13:32:24,,,
B01239,2020-06-24 09:16:28,2020-06-24 09:27:40,,,
B00647,2020-06-11 10:27:18,2020-06-11 10:43:58,,,
B02794,2020-06-14 19:00:49,2020-06-14 19:08:11,,,
B02849,2020-06-26 10:41:52,2020-06-26 10:58:24,,,
B02677,2020-06-30 08:44:05,2020-06-30 08:46:26,,,
B00531,2020-06-11 12:11:33,2020-06-11 12:25:20,,,
B02846,2020-06-11 09:53:48,2020-06-11 10:59:26,,,
B00310,2020-06-06 19:10:24,2020-06-06 19:19:47,,,
B01340,2020-06-08 06:34:00,2020-06-08 06:48:45,,,
B03017,2020-06-10 11:16:06,2020-06-10 11:30:35,,,
B03060,2020-06-30 08:19:08,2020-06-30 08:29:27,,,
B03016,2020-06-20 17:02:32,2020-06-20 17:09:23,,,
B01899,2020-06-30 19:36:44,2020-07-01 01:23:08,,,
B03285,2020-06-07 17:26:44,2020-06-07 17:46:01,,,
B00856,2020-06-19 11:23:00,2020-06-19 11:40:36,,,
B02653,2020-06-04 12:25:59,2020-06-04 12:51:12,,,
B02735,2020-06-29 18:44:42,2020-06-29 19:39:07,,,
B02162,2020-06-12 20:04:25,2020-06-12 20:23:21,,,
B00900,2020-06-07 17:08:51,2020-06-07 17:14:59,,,
B01065,2020-06-30 08:49:49,2020-06-30 08:56:42,,,
B01338,2020-06-15 10:56:07,2020-06-15 11:16:36,,,
B01717,2020-06-04 07:08:30,2020-06-04 07:28:19,,,
B01239,2020-06-05 14:46:16,2020-06-05 15:00:28,,,
B03160,2020-06-24 09:36:00,2020-06-24 10:07:00,,,
B00937,2020-06-01 02:30:58,2020-06-01 02:37:54,,,
B00937,2020-06-25 18:52:28,2020-06-25 18:56:55,,,
B00856,2020-06-30 23:32:08,2020-06-30 23:40:36,,,
B02120,2020-06-26 09:30:00,2020-06-26 17:28:00,,,
B01065,2020-06-17 11:48:26,2020-06-17 12:06:07,,,
B01312,2020-06-12 09:10:39,2020-06-12 09:26:33,,,
B02930,2020-06-06 08:03:38,2020-06-06 08:15:01,,,
B01145,2020-06-14 12:44:01,2020-06-14 12:57:22,,,
B01061,2020-06-16 18:05:36,2020-06-16 18:26:30,,,
B03016,2020-06-12 22:08:02,2020-06-12 22:13:49,,,
B02849,2020-06-16 00:08:22,2020-06-16 00:14:06,,,
B01312,2020-06-18 13:16:57,2020-06-18 13:34:06,,,
B02794,2020-06-20 01:20:12,2020-06-20 01:32:11,,,
B00477,2020-06-09 19:23:42,2020-06-09 19:52:40,,,
B00387,2020-06-15 06:45:00,2020-06-15 07:14:00,,,
B00937,2020-06-24 18:17:11,2020-06-24 18:43:16,,,
B02133,2020-06-16 08:05:44,2020-06-16 08:40:49,,,
B02735,2020-06-27 08:46:54,2020-06-27 08:52:25,,,
B03060,2020-06-15 14:33:08,2020-06-15 15:03:02,,,
B00856,2020-06-08 17:04:12,2020-06-08 17:24:06,,,
B00756,2020-06-05 09:46:00,2020-06-05 10:05:00,,,
B00350,2020-06-16 14:30:19,2020-06-16 14:33:57,,,
B03016,2020-06-27 15:23:59,2020-06-27 15:37:15,,,
B03020,2020-06-08 13:23:42,2020-06-08 13:37:31,,,
B01667,2020-06-05 12:42:16,2020-06-05 12:51:12,,,
B00014,2020-06-04 08:17:39,2020-06-04 08:43:46,,,
B00692,2020-06-24 00:07:57,2020-06-24 00:45:13,,,
B01145,2020-06-12 19:12:47,2020-06-12 19:22:34,,,
B00647,2020-06-09 11:37:51,2020-06-09 11:41:47,,,
B02784,2020-06-24 13:36:09,2020-06-24 14:00:51,,,
B01145,2020-06-28 23:04:44,2020-06-28 23:19:53,,,
B03048,2020-06-18 16:33:48,2020-06-18 16:56:23,,,
B01454,2020-06-17 18:44:19,2020-06-17 18:56:53,,,
B02509,2020-06-20 11:29:20,2020-06-20 11:38:42,,,
B02947,2020-06-25 08:00:00,2020-06-25 08:29:01,,,
B00310,2020-06-15 10:16:24,2020-06-15 10:20:17,,,
B01091,2020-06-17 11:39:54,2020-06-17 11:50:00,,,
B02728,2020-06-08 20:01:47,2020-06-08 20:26:18,,,
B02881,2020-06-25 09:02:58,2020-06-25 09:18:45,,,
B02437,2020-06-30 14:05:38,2020-06-30 14:08:02,,,
B02782,2020-06-08 03:50:00,2020-06-08 04:21:00,,,
B00706,2020-06-25 12:33:00,2020-06-25 12:45:52,,,
B00856,2020-06-30 22:32:32,2020-06-30 22:36:40,,,
B02292,2020-06-19 13:14:00,2020-06-19 13:36:08,,,
B01899,2020-06-07 07:37:59,2020-06-07 07:50:51,,,
B02279,2020-06-05 12:26:49,2020-06-05 12:31:56,,,
B02550,2020-06-12 07:36:31,2020-06-12 07:38:51,,,
B01145,2020-06-04 06:08:24,2020-06-04 06:11:56,,,
B02536,2020-06-16 11:14:22,2020-06-16 11:58:01,,,
B02107,2020-06-19 12:43:02,2020-06-19 13:05:00,,,
B01312,2020-06-15 12:23:38,2020-06-15 12:59:25,,,
B00856,2020-06-02 20:48:39,2020-06-02 21:04:09,,,
B02243,2020-06-25 11:11:31,2020-06-25 11:24:53,,,
B00254,2020-06-11 14:28:52,2020-06-11 14:36:28,,,
B00457,2020-06-06 16:06:52,2020-06-06 16:37:57,,,
B01285,2020-06-29 10:35:37,2020-06-29 10:46:38,,,
B00310,2020-06-19 19:44:30,2020-06-19 19:57:24,,,
B02107,2020-06-15 15:05:21,2020-06-15 15:52:42,,,
B03266,2020-06-08 21:58:10,2020-06-08 22:00:55,,,
B02898,2020-06-30 09:06:53,2020-06-30 09:28:41,,,
B01051,2020-06-21 21:31:21,2020-06-21 21:40:49,,,
B02509,2020-06-25 12:01:07,2020-06-25 12:17:24,,,
B02846,2020-06-17 13:19:24,2020-06-17 13:58:27,,,
B00310,2020-06-06 22:33:50,2020-06-06 22:42:44,,,
B02784,2020-06-16 13:37:19,2020-06-16 13:44:22,,,
B02107,2020-06-22 10:13:57,2020-06-22 10:20:03,,,
B02133,2020-06-17 12:04:11,2020-06-17 12:50:06,,,
B03285,2020-06-28 19:41:06,2020-06-28 19:59:23,,,
B02674,2020-06-03 13:52:12,2020-06-03 14:13:59,,,
B01308,2020-06-18 11:10:00,2020-06-18 11:20:00,,,
B02901,2020-06-29 15:15:16,2020-06-29 15:45:58,,,
B02898,2020-06-18 10:37:33,2020-06-18 10:59:57,,,
B02594,2020-06-08 08:56:59,2020-06-08 09:21:32,,,
B02934,2020-06-10 09:35:00,2020-06-10 09:52:00,,,
B01239,2020-06-05 12:02:38,2020-06-05 12:08:56,,,
B00856,2020-06-16 20:19:19,2020-06-16 20:41:19,,,
B01349,2020-06-18 18:30:00,2020-06-18 19:00:00,,,
B02546,2020-06-28 22:01:24,2020-06-28 22:10:02,,,
B01899,2020-06-03 10:23:59,2020-06-03 10:34:15,,,
B02799,2020-06-01 17:26:19,2020-06-01 17:32:23,,,
B01455,2020-06-27 20:34:16,2020-06-27 20:42:56,,,
B01391,2020-06-05 06:46:00,2020-06-05 07:07:00,,,
B01437,2020-06-05 23:38:40,2020-06-05 23:53:48,,,
B01346,2020-06-04 12:09:50,2020-06-04 13:09:54,,,
B03016,2020-06-27 17:08:48,2020-06-27 17:36:05,,,
B00856,2020-06-26 04:34:14,2020-06-26 04:38:35,,,
B01231,2020-06-22 18:51:17,2020-06-22 19:13:08,,,
B03016,2020-06-24 16:48:30,2020-06-24 17:01:56,,,
B00789,2020-06-12 22:12:58,2020-06-12 22:59:55,,,
B02509,2020-06-15 10:32:15,2020-06-15 10:40:12,,,
B02674,2020-06-01 04:53:38,2020-06-01 05:00:24,,,
B01109,2020-06-19 22:16:00,2020-06-19 22:38:02,,,
B01710,2020-06-04 12:17:00,2020-06-04 12:29:34,,,
B02550,2020-06-03 15:33:59,2020-06-03 16:06:43,,,
B02944,2020-06-12 10:52:00,2020-06-12 11:12:59,,,
B03060,2020-06-05 16:30:30,2020-06-05 16:39:55,,,
B02245,2020-06-26 19:23:07,2020-06-26 19:32:19,,,
B03107,2020-06-11 11:11:44,2020-06-11 12:01:16,,,
B01899,2020-06-27 14:24:20,2020-06-27 14:40:25,,,
B01239,2020-06-27 19:25:13,2020-06-27 19:37:42,,,
B03060,2020-06-28 11:20:30,2020-06-28 11:26:08,,,
B02834,2020-06-26 12:46:36,2020-06-26 12:58:23,,,
B01239,2020-06-11 17:48:47,2020-06-11 17:59:13,,,
B02133,2020-06-20 08:25:27,2020-06-20 08:44:54,,,
B01536,2020-06-05 17:19:21,2020-06-05 17:42:31,,,
B01768,2020-06-03 04:54:15,2020-06-03 05:11:13,,,
B02728,2020-06-10 12:15:38,2020-06-10 12:44:26,,,
B01065,2020-06-10 14:21:20,2020-06-10 14:40:08,,,
B02163,2020-06-26 01:03:49,2020-06-26 01:45:45,,,
B00647,2020-06-16 09:34:03,2020-06-16 09:39:23,,,
B01529,2020-06-07 03:58:55,2020-06-07 04:06:30,,,
B00647,2020-06-01 07:52:16,2020-06-01 07:58:34,,,
B00647,2020-06-10 16:20:38,2020-06-10 19:19:16,,,
b00706,2020-06-27 15:39:15,2020-06-27 15:45:48,,,
B01312,2020-06-02 14:14:47,2020-06-02 14:41:02,,,
B01145,2020-06-20 20:17:51,2020-06-20 20:28:49,,,
B03160,2020-06-30 13:48:00,2020-06-30 14:13:00,,,
B01196,2020-06-17 08:16:44,2020-06-17 08:22:12,,,
B01536,2020-06-11 02:08:48,2020-06-11 02:14:30,,,
B01454,2020-06-22 20:06:06,2020-06-22 20:11:11,,,
B03076,2020-06-26 07:57:40,2020-06-26 08:14:49,,,
B00937,2020-06-21 01:10:32,2020-06-21 01:16:27,,,
B03016,2020-06-24 07:50:24,2020-06-24 08:03:35,,,
B00256,2020-06-09 16:42:00,2020-06-09 16:53:44,,,
B02947,2020-06-29 11:30:00,2020-06-29 11:35:04,,,
B00149,2020-06-29 18:49:12,2020-06-29 18:57:12,,,
B02509,2020-06-24 08:57:42,2020-06-24 09:15:16,,,
B01231,2020-06-10 08:47:57,2020-06-10 08:54:32,,,
B02437,2020-06-26 11:15:59,2020-06-26 11:51:50,,,
B00412,2020-06-05 05:07:09,2020-06-05 05:37:09,,,
B01340,2020-06-26 12:39:23,2020-06-26 12:49:16,,,
B00254,2020-06-15 10:48:02,2020-06-15 10:50:35,,,
B03160,2020-06-18 15:02:00,2020-06-18 16:16:00,,,
B00111,2020-06-09 14:40:34,2020-06-09 14:58:33,,,
B00225,2020-06-08 07:57:18,2020-06-08 08:04:39,,,
B02735,2020-06-19 08:37:52,2020-06-19 09:02:55,,,
B01392,2020-06-17 18:44:50,2020-06-17 19:20:27,,,
B02315,2020-06-16 09:54:29,2020-06-16 10:03:39,,,
B01899,2020-06-10 13:26:19,2020-06-10 19:10:33,,,
B01145,2020-06-04 19:05:33,2020-06-04 19:38:29,,,
B00802,2020-06-24 09:10:39,2020-06-24 09:14:02,,,
B02881,2020-06-10 15:49:05,2020-06-10 16:35:03,,,
B00254,2020-06-19 11:53:22,2020-06-19 12:31:04,,,
B02437,2020-06-01 04:39:21,2020-06-01 04:55:12,,,
B00856,2020-06-23 09:00:41,2020-06-23 09:12:46,,,
B00975,2020-06-19 07:03:55,2020-06-19 07:08:40,,,
B01145,2020-06-26 07:43:44,2020-06-26 07:47:35,,,
B01145,2020-06-28 06:46:49,2020-06-28 07:00:27,,,
B02674,2020-06-10 05:26:36,2020-06-10 05:41:21,,,
B03016,2020-06-16 21:10:33,2020-06-16 21:18:21,,,
B00256,2020-06-13 11:58:10,2020-06-13 15:29:01,,,
B00937,2020-06-28 07:42:42,2020-06-28 07:45:29,,,
B01346,2020-06-20 15:27:47,2020-06-20 15:46:10,,,
B02653,2020-06-11 07:04:20,2020-06-11 07:11:23,,,
B02509,2020-06-11 10:24:18,2020-06-11 10:46:54,,,
B01454,2020-06-16 08:50:58,2020-06-16 09:06:21,,,
B03017,2020-06-24 12:29:25,2020-06-24 12:41:54,,,
B02279,2020-06-05 12:58:58,2020-06-05 13:12:41,,,
B00856,2020-06-28 05:05:55,2020-06-28 05:17:10,,,
B02794,2020-06-26 14:18:16,2020-06-26 15:01:14,,,
B01639,2020-06-22 20:36:19,2020-06-22 20:42:16,,,
B01087,2020-06-10 21:24:57,2020-06-10 21:58:03,,,
B02379,2020-06-13 08:50:13,2020-06-13 08:50:21,,,
B03204,2020-06-22 08:26:57,2020-06-22 08:27:31,,,
B00457,2020-06-14 10:29:11,2020-06-14 10:44:28,,,
B00310,2020-06-11 11:16:33,2020-06-11 11:31:26,,,
B02162,2020-06-03 18:34:36,2020-06-03 18:34:41,,,
B00459,2020-06-21 03:39:17,2020-06-21 03:41:29,,,
B02855,2020-06-26 11:30:32,2020-06-26 11:40:46,,,
B01667,2020-06-13 12:03:15,2020-06-13 12:14:15,,,
B03016,2020-06-04 13:17:37,2020-06-04 13:29:18,,,
B00254,2020-06-08 22:04:30,2020-06-08 22:28:21,,,
B00149,2020-06-06 18:11:10,2020-06-06 18:19:10,,,
B01469,2020-06-30 06:24:43,2020-06-30 06:36:15,,,
B00937,2020-06-10 13:22:36,2020-06-10 13:26:15,,,
B01239,2020-06-09 03:30:06,2020-06-09 03:39:50,,,
B02055,2020-06-30 19:11:35,2020-06-30 19:29:37,,,
B01145,2020-06-23 11:45:39,2020-06-23 11:54:45,,,
B02437,2020-06-08 23:51:44,2020-06-09 00:00:32,,,
B02550,2020-06-05 08:26:50,2020-06-05 08:43:15,,,
B00706,2020-06-04 15:44:21,2020-06-04 15:44:31,,,
B03016,2020-06-09 19:19:21,2020-06-09 19:32:47,,,
B02550,2020-06-03 10:20:28,2020-06-03 10:30:38,,,
B01312,2020-06-10 09:27:31,2020-06-10 09:39:32,,,
B02133,2020-06-14 11:03:20,2020-06-14 11:18:36,,,
B02930,2020-06-21 22:25:53,2020-06-21 22:28:56,,,
B01312,2020-06-20 18:21:26,2020-06-20 18:25:10,,,
B02133,2020-06-03 18:06:12,2020-06-03 18:32:21,,,
B03285,2020-06-26 19:31:47,2020-06-26 19:41:26,,,
B00937,2020-06-28 10:04:55,2020-06-28 10:10:59,,,
B02594,2020-06-11 13:56:40,2020-06-11 14:01:32,,,
B00310,2020-06-10 13:57:30,2020-06-10 14:06:13,,,
B01285,2020-06-24 07:49:29,2020-06-24 08:00:43,,,
B02794,2020-06-04 19:39:12,2020-06-04 19:45:11,,,
B03171,2020-06-16 11:12:37,2020-06-16 11:25:03,,,
B01667,2020-06-27 10:48:52,2020-06-27 10:50:05,,,
B03160,2020-06-13 09:45:00,2020-06-13 10:34:00,,,
B02989,2020-06-30 11:01:00,2020-06-30 12:02:00,,,
B01145,2020-06-12 10:22:56,2020-06-12 10:52:48,,,
B00856,2020-06-22 12:12:30,2020-06-22 12:31:55,,,
B01312,2020-06-15 09:42:59,2020-06-15 10:17:01,,,
B01639,2020-06-08 09:01:44,2020-06-08 09:15:58,,,
B00310,2020-06-02 13:21:17,2020-06-02 13:39:16,,,
B01061,2020-06-17 09:40:31,2020-06-17 09:54:39,,,
B02437,2020-06-08 17:17:33,2020-06-08 17:29:30,,,
B01083,2020-06-11 22:59:35,2020-06-11 23:16:37,,,
B01239,2020-06-08 04:31:36,2020-06-08 04:38:12,,,
B01315,2020-06-04 12:03:36,2020-06-04 12:08:58,,,
B01233,2020-06-30 18:30:17,2020-06-30 18:37:10,,,
B02719,2020-06-13 13:12:35,2020-06-13 13:22:09,,,
B03160,2020-06-07 19:40:00,2020-06-07 20:02:00,,,
B02658,2020-06-08 08:25:00,2020-06-08 08:45:00,,,
B00937,2020-06-04 09:44:37,2020-06-04 09:51:40,,,
B02719,2020-06-21 17:03:19,2020-06-21 17:09:33,,,
B01629,2020-06-16 12:10:39,2020-06-16 12:24:41,,,
B01312,2020-06-05 12:48:01,2020-06-05 13:24:50,,,
B01263,2020-06-04 18:19:22,2020-06-04 18:26:41,,,
B01145,2020-06-28 04:43:08,2020-06-28 04:50:03,,,
B00009,2020-06-13 15:36:00,2020-06-13 15:52:00,,,
B00445,2020-06-11 16:36:17,2020-06-11 16:50:27,,,
B01231,2020-06-30 21:17:10,2020-06-30 21:21:41,,,
B03285,2020-06-02 14:25:17,2020-06-02 14:48:20,,,
B02795,2020-06-30 15:43:00,2020-06-30 16:08:01,,,
B01145,2020-06-20 17:35:53,2020-06-20 17:58:49,,,
B02794,2020-06-17 20:40:12,2020-06-17 20:47:11,,,
B00900,2020-06-18 04:48:26,2020-06-18 05:03:09,,,
B01717,2020-06-29 08:16:45,2020-06-29 08:33:55,,,
B01039,2020-06-08 07:37:00,2020-06-08 08:10:00,,,
B01362,2020-06-05 12:15:48,2020-06-05 12:17:02,,,
B02546,2020-06-28 08:52:50,2020-06-28 09:02:26,,,
B00937,2020-06-19 12:16:32,2020-06-19 12:43:45,,,
B00112,2020-06-25 02:00:48,2020-06-25 02:01:07,,,
B03017,2020-06-10 06:12:49,2020-06-10 07:10:16,,,
B00900,2020-06-29 06:36:29,2020-06-29 06:42:34,,,
B00412,2020-06-06 13:53:29,2020-06-06 14:21:01,,,
B03016,2020-06-12 21:46:57,2020-06-12 22:00:19,,,
B01717,2020-06-22 09:43:24,2020-06-22 10:07:20,,,
B02989,2020-06-26 10:17:00,2020-06-26 11:00:00,,,
B00310,2020-06-19 11:53:07,2020-06-19 12:13:04,,,
B01559,2020-06-21 13:16:49,2020-06-21 13:33:49,,,
B01899,2020-06-08 12:50:48,2020-06-08 12:56:47,,,
B02671,2020-06-10 09:45:38,2020-06-10 09:58:47,,,
B02531,2020-06-22 15:40:00,2020-06-22 16:40:00,,,
B03160,2020-06-20 15:17:00,2020-06-20 15:38:00,,,
B03016,2020-06-06 06:35:37,2020-06-06 06:46:35,,,
B01537,2020-06-26 22:20:00,2020-06-26 22:33:00,,,
B02674,2020-06-30 06:24:11,2020-06-30 07:03:27,,,
B03283,2020-06-13 06:45:00,2020-06-13 07:00:00,,,
B03160,2020-06-24 09:30:00,2020-06-24 09:41:00,,,
B01995,2020-06-22 09:56:43,2020-06-22 10:59:00,,,
B00310,2020-06-06 16:38:24,2020-06-06 16:53:05,,,
B00628,2020-06-24 13:52:38,2020-06-24 14:24:39,,,
B00256,2020-06-21 14:04:09,2020-06-21 15:16:50,,,
B01312,2020-06-09 05:20:16,2020-06-09 05:21:17,,,
B00823,2020-06-22 12:05:47,2020-06-22 12:47:07,,,
B02653,2020-06-14 01:12:46,2020-06-14 01:48:10,,,
B01239,2020-06-12 22:48:47,2020-06-12 22:57:14,,,
B01340,2020-06-06 11:49:15,2020-06-06 11:57:20,,,
B03047,2020-06-15 10:25:31,2020-06-15 10:31:32,,,
B00647,2020-06-15 03:56:21,2020-06-15 04:05:17,,,
B02794,2020-06-06 12:53:53,2020-06-06 13:08:11,,,
B01312,2020-06-14 16:07:27,2020-06-14 16:17:36,,,
B03076,2020-06-18 13:22:30,2020-06-18 13:31:02,,,
B01148,2020-06-05 14:18:41,2020-06-05 14:22:24,,,
B01312,2020-06-23 11:49:43,2020-06-23 11:52:43,,,
B00706,2020-06-06 17:54:02,2020-06-06 18:04:35,,,
B00856,2020-06-16 22:10:03,2020-06-16 22:31:48,,,
B00531,2020-06-01 13:24:43,2020-06-01 13:33:07,,,
B01061,2020-06-19 16:49:14,2020-06-19 17:06:17,,,
B01061,2020-06-25 00:33:32,2020-06-25 00:46:42,,,
B01469,2020-06-24 10:46:27,2020-06-24 10:54:44,,,
B01233,2020-06-17 09:50:30,2020-06-17 09:52:37,,,
B00856,2020-06-12 13:13:46,2020-06-12 13:17:33,,,
B00856,2020-06-13 19:50:03,2020-06-13 19:57:13,,,
B02784,2020-06-23 10:31:19,2020-06-23 10:56:49,,,
B01051,2020-06-16 13:35:37,2020-06-16 13:45:33,,,
B01899,2020-06-08 11:24:22,2020-06-08 11:44:33,,,
B02163,2020-06-15 09:08:42,2020-06-15 09:23:42,,,
B02784,2020-06-11 09:08:11,2020-06-11 09:50:46,,,
B01470,2020-06-15 08:41:28,2020-06-15 10:15:15,,,
B01239,2020-06-16 07:44:46,2020-06-16 07:53:21,,,
B01239,2020-06-23 10:57:41,2020-06-23 11:14:46,,,
B03160,2020-06-17 09:07:00,2020-06-17 09:28:00,,,
B01312,2020-06-22 07:52:30,2020-06-22 08:20:04,,,
B00225,2020-06-08 12:29:13,2020-06-08 13:44:58,,,
B03016,2020-06-25 05:40:58,2020-06-25 05:49:45,,,
B00855,2020-06-28 06:45:00,2020-06-28 07:45:00,,,
B00531,2020-06-08 08:24:21,2020-06-08 09:43:21,,,
B00256,2020-06-15 18:11:58,2020-06-15 18:58:56,,,
B03016,2020-06-24 13:07:04,2020-06-24 13:44:39,,,
B01145,2020-06-07 23:54:03,2020-06-08 00:05:03,,,
B01312,2020-06-17 19:26:24,2020-06-17 19:32:26,,,
B02735,2020-06-01 11:07:34,2020-06-01 11:24:19,,,
B02550,2020-06-09 08:05:00,2020-06-09 08:11:44,,,
B01899,2020-06-30 13:48:19,2020-06-30 14:21:12,,,
B03057,2020-06-19 23:27:02,2020-06-19 23:33:38,,,
B00823,2020-06-10 14:15:00,2020-06-10 14:43:12,,,
B00821,2020-06-13 13:02:36,2020-06-13 13:13:51,,,
B02563,2020-06-17 13:59:46,2020-06-17 14:11:05,,,
B00887,2020-06-30 04:45:37,2020-06-30 05:14:02,,,
B02437,2020-06-24 16:51:36,2020-06-24 17:09:50,,,
B01312,2020-06-24 12:45:17,2020-06-24 12:46:50,,,
B00821,2020-06-16 19:45:59,2020-06-16 19:47:32,,,
B00446,2020-06-08 12:39:07,2020-06-08 13:34:44,,,
B03160,2020-06-08 09:30:00,2020-06-08 09:44:00,,,
B00856,2020-06-01 07:50:23,2020-06-01 07:55:22,,,
B03171,2020-06-14 11:19:46,2020-06-14 11:26:09,,,
B00900,2020-06-05 16:30:51,2020-06-05 16:41:25,,,
B00856,2020-06-12 08:51:12,2020-06-12 08:56:47,,,
B00256,2020-06-17 08:22:58,2020-06-17 08:37:30,,,
B01362,2020-06-26 12:36:44,2020-06-26 12:41:05,,,
B01231,2020-06-23 13:53:03,2020-06-23 14:03:22,,,
B01537,2020-06-16 15:15:00,2020-06-16 15:28:00,,,
B00256,2020-06-02 08:16:36,2020-06-02 09:48:58,,,
B00112,2020-06-10 11:19:58,2020-06-10 11:20:05,,,
B01452,2020-06-28 18:19:25,2020-06-28 18:26:49,,,
B02794,2020-06-23 09:11:12,2020-06-23 09:21:10,,,
B01263,2020-06-07 20:56:31,2020-06-07 21:01:33,,,
B02293,2020-06-05 15:59:44,2020-06-05 16:38:08,,,
B01145,2020-06-13 20:09:02,2020-06-13 20:27:07,,,
B01455,2020-06-15 08:34:24,2020-06-15 08:42:34,,,
B03160,2020-06-05 10:49:00,2020-06-05 11:04:00,,,
B02881,2020-06-22 10:00:08,2020-06-22 10:17:22,,,
B00310,2020-06-09 20:23:00,2020-06-09 20:25:03,,,
B01312,2020-06-02 12:20:34,2020-06-02 12:40:55,,,
B02947,2020-06-20 07:00:00,2020-06-20 07:20:26,,,
B00789,2020-06-26 18:00:00,2020-06-26 18:37:00,,,
B03171,2020-06-17 08:33:34,2020-06-17 08:43:29,,,
B03060,2020-06-08 14:44:25,2020-06-08 14:52:02,,,
B02849,2020-06-11 12:02:11,2020-06-11 12:26:53,,,
B02509,2020-06-01 11:46:58,2020-06-01 12:25:13,,,
B01016,2020-06-08 09:00:45,2020-06-08 09:05:56,,,
B00449,2020-06-30 10:59:30,2020-06-30 11:18:13,,,
B01536,2020-06-21 22:43:11,2020-06-21 22:47:25,,,
B01285,2020-06-30 13:09:21,2020-06-30 13:26:27,,,
B00837,2020-06-22 10:00:57,2020-06-22 12:00:21,,,
B00802,2020-06-05 06:25:26,2020-06-05 06:42:26,,,
B00256,2020-06-25 13:08:44,2020-06-25 13:35:53,,,
B00225,2020-06-18 15:53:58,2020-06-18 16:40:45,,,
B03017,2020-06-04 13:45:17,2020-06-04 13:57:42,,,
B02437,2020-06-02 07:02:26,2020-06-02 07:12:06,,,
B01454,2020-06-28 22:08:07,2020-06-28 22:25:26,,,
B01777,2020-06-21 08:07:46,2020-06-21 08:22:07,,,
B02067,2020-06-10 07:17:06,2020-06-10 07:42:22,,,
B01653,2020-06-03 15:05:25,2020-06-03 15:20:45,,,
B03160,2020-06-11 06:21:00,2020-06-11 06:37:00,,,
B02243,2020-06-03 15:45:09,2020-06-03 16:03:52,,,
B01420,2020-06-12 13:58:00,2020-06-12 14:11:00,,,
B01239,2020-06-02 12:33:04,2020-06-02 12:44:06,,,
B00457,2020-06-07 10:57:54,2020-06-07 11:03:49,,,
B01984,2020-06-08 14:32:00,2020-06-08 15:39:00,,,
B01455,2020-06-05 10:07:23,2020-06-05 10:17:54,,,
B01091,2020-06-07 07:35:22,2020-06-07 07:45:28,,,
B02947,2020-06-27 09:15:00,2020-06-27 09:50:05,,,
B01984,2020-06-18 14:26:00,2020-06-18 14:42:00,,,
B02947,2020-06-12 18:45:06,2020-06-12 19:01:08,,,
B01196,2020-06-08 16:08:29,2020-06-08 16:22:10,,,
B02728,2020-06-21 12:33:01,2020-06-21 12:49:21,,,
B00647,2020-06-24 23:37:02,2020-06-24 23:58:48,,,
B02735,2020-06-15 06:27:05,2020-06-15 06:40:31,,,
B01899,2020-06-03 13:58:02,2020-06-03 14:06:03,,,
B00256,2020-06-29 14:39:10,2020-06-29 14:47:19,,,
B01312,2020-06-17 03:53:20,2020-06-17 04:02:57,,,
B01239,2020-06-12 15:25:59,2020-06-12 15:27:24,,,
B01239,2020-06-01 12:50:35,2020-06-01 12:53:48,,,
B03016,2020-06-09 09:47:57,2020-06-09 10:08:55,,,
B01312,2020-06-14 14:43:12,2020-06-14 14:47:42,,,
B01145,2020-06-08 17:27:24,2020-06-08 17:56:11,,,
B02735,2020-06-20 13:57:59,2020-06-20 14:18:41,,,
B00256,2020-06-18 06:37:47,2020-06-18 06:54:09,,,
B00412,2020-06-26 20:03:52,2020-06-26 21:10:07,,,
B00112,2020-06-23 01:05:51,2020-06-23 01:05:56,,,
B00837,2020-06-24 21:09:19,2020-06-24 21:09:20,,,
B02107,2020-06-29 12:59:01,2020-06-29 13:26:24,,,
B03017,2020-06-23 07:00:09,2020-06-23 07:34:19,,,
B01536,2020-06-01 02:34:56,2020-06-01 02:47:21,,,
B01312,2020-06-09 05:43:51,2020-06-09 06:03:11,,,
B01145,2020-06-20 20:02:27,2020-06-20 20:13:06,,,
B01315,2020-06-08 10:00:31,2020-06-08 10:08:45,,,
B01537,2020-06-15 18:30:00,2020-06-15 18:43:00,,,
B02674,2020-06-23 18:35:21,2020-06-23 19:03:44,,,
B03160,2020-06-17 12:28:00,2020-06-17 12:40:00,,,
B01145,2020-06-18 18:50:15,2020-06-18 19:11:36,,,
B00756,2020-06-05 09:30:00,2020-06-05 09:49:00,,,
B01145,2020-06-24 09:18:32,2020-06-24 09:51:21,,,
B01653,2020-06-03 12:34:04,2020-06-03 12:56:49,,,
B00112,2020-06-17 09:32:03,2020-06-17 09:38:55,,,
B00856,2020-06-16 22:32:08,2020-06-16 22:42:12,,,
B01145,2020-06-03 05:05:17,2020-06-03 05:13:25,,,
B01312,2020-06-07 16:37:08,2020-06-07 16:46:55,,,
B01340,2020-06-02 08:50:56,2020-06-02 08:53:00,,,
B00856,2020-06-30 11:19:59,2020-06-30 11:24:06,,,
B01312,2020-06-29 05:23:47,2020-06-29 05:36:22,,,
b00833,2020-06-24 06:35:00,2020-06-24 06:45:00,,,
B01312,2020-06-26 14:01:49,2020-06-26 14:25:05,,,
B01984,2020-06-18 14:05:00,2020-06-18 14:32:00,,,
B01437,2020-06-10 00:00:34,2020-06-10 00:17:02,,,
B01145,2020-06-25 21:19:03,2020-06-25 21:33:02,,,
B01509,2020-06-05 15:04:36,2020-06-05 15:38:08,,,
B00647,2020-06-01 09:58:30,2020-06-01 10:07:02,,,
B01239,2020-06-16 11:58:50,2020-06-16 12:17:47,,,
B02794,2020-06-18 09:59:09,2020-06-18 10:14:08,,,
B02784,2020-06-02 12:19:52,2020-06-02 12:28:16,,,
B02279,2020-06-19 19:41:06,2020-06-19 20:16:16,,,
B03016,2020-06-01 00:32:26,2020-06-01 00:38:02,,,
B00856,2020-06-08 07:41:44,2020-06-08 08:00:53,,,
B01145,2020-06-26 18:24:14,2020-06-26 18:42:25,,,
B00449,2020-06-01 10:37:49,2020-06-01 10:52:26,,,
B01236,2020-06-15 11:56:00,2020-06-15 12:29:00,,,
B00900,2020-06-11 21:47:07,2020-06-11 21:56:43,,,
B03107,2020-06-18 06:04:46,2020-06-18 07:51:06,,,
B02930,2020-06-28 11:30:27,2020-06-28 11:41:11,,,
B02107,2020-06-12 23:58:55,2020-06-13 00:06:38,,,
B01288,2020-06-19 08:57:32,2020-06-19 09:07:17,,,
B01455,2020-06-19 07:01:44,2020-06-19 07:07:10,,,
B01129,2020-06-09 09:33:00,2020-06-09 09:37:00,,,
B03160,2020-06-26 04:37:00,2020-06-26 05:03:00,,,
B01145,2020-06-06 02:32:25,2020-06-06 02:43:46,,,
B00900,2020-06-10 14:51:05,2020-06-10 14:56:22,,,
B00445,2020-06-15 15:12:42,2020-06-15 15:14:11,,,
B02794,2020-06-06 16:21:10,2020-06-06 16:24:10,,,
B01559,2020-06-01 06:23:51,2020-06-01 06:56:51,,,
B00932,2020-06-15 11:35:37,2020-06-15 12:02:22,,,
B00350,2020-06-17 14:08:36,2020-06-17 14:23:45,,,
B01899,2020-06-28 09:27:08,2020-06-28 09:34:54,,,
B00647,2020-06-23 23:53:36,2020-06-24 00:03:18,,,
B03016,2020-06-30 22:47:11,2020-06-30 23:11:18,,,
B02671,2020-06-08 13:11:13,2020-06-08 13:16:36,,,
B02563,2020-06-03 13:46:13,2020-06-03 13:56:24,,,
B01739,2020-06-01 17:24:28,2020-06-01 17:38:52,,,
B01196,2020-06-13 14:10:29,2020-06-13 14:32:11,,,
B00477,2020-06-04 08:54:29,2020-06-04 09:14:18,,,
B01145,2020-06-13 21:25:44,2020-06-13 21:40:14,,,
B02784,2020-06-19 16:47:34,2020-06-19 17:21:55,,,
B00647,2020-06-26 18:25:47,2020-06-26 18:38:25,,,
B01061,2020-06-21 07:51:15,2020-06-21 08:03:38,,,
B00647,2020-06-20 12:42:04,2020-06-20 13:05:20,,,
B00900,2020-06-18 19:10:39,2020-06-18 19:38:39,,,
B03048,2020-06-05 12:15:24,2020-06-05 12:24:03,,,
B02557,2020-06-21 20:00:00,2020-06-21 20:16:00,,,
B01391,2020-06-08 13:40:00,2020-06-08 13:55:00,,,
B03060,2020-06-21 12:47:51,2020-06-21 12:52:26,,,
B01536,2020-06-18 14:43:11,2020-06-18 14:54:58,,,
B01196,2020-06-24 11:14:35,2020-06-24 11:28:42,,,
B01899,2020-06-09 12:35:28,2020-06-09 13:27:20,,,
B01312,2020-06-15 06:46:26,2020-06-15 07:03:40,,,
B01710,2020-06-02 19:15:52,2020-06-02 19:28:01,,,
B01312,2020-06-25 12:39:39,2020-06-25 12:57:23,,,
B02719,2020-06-09 19:59:31,2020-06-09 20:05:37,,,
B01087,2020-06-04 00:26:16,2020-06-04 00:38:12,,,
B01311,2020-06-24 12:51:00,2020-06-24 13:59:00,,,
B01239,2020-06-16 14:59:32,2020-06-16 15:09:13,,,
B00149,2020-06-27 16:46:58,2020-06-27 16:57:36,,,
B01710,2020-06-07 10:06:20,2020-06-07 10:30:58,,,
B01239,2020-06-22 18:39:52,2020-06-22 18:53:42,,,
B00900,2020-06-19 13:41:02,2020-06-19 13:52:52,,,
B02947,2020-06-11 08:00:00,2020-06-11 08:31:13,,,
B01231,2020-06-09 11:02:53,2020-06-09 12:07:13,,,
B02509,2020-06-30 13:00:29,2020-06-30 13:10:33,,,
B00095,2020-06-26 14:05:15,2020-06-26 14:17:05,,,
B00900,2020-06-25 01:01:21,2020-06-25 01:28:23,,,
B03016,2020-06-19 09:30:05,2020-06-19 09:37:33,,,
B02509,2020-06-17 07:57:35,2020-06-17 08:12:05,,,
B01145,2020-06-24 09:00:37,2020-06-24 09:18:47,,,
B02163,2020-06-25 09:51:23,2020-06-25 10:05:45,,,
B03128,2020-06-30 05:15:00,2020-06-30 05:23:37,,,
B01339,2020-06-04 09:32:34,2020-06-04 09:37:44,,,
B00310,2020-06-29 07:51:57,2020-06-29 08:02:41,,,
B00310,2020-06-09 22:44:20,2020-06-09 22:46:43,,,
B02429,2020-06-08 11:19:44,2020-06-08 11:27:46,,,
B03051,2020-06-06 09:51:22,2020-06-06 09:57:47,,,
B02849,2020-06-10 08:44:44,2020-06-10 08:51:53,,,
B02111,2020-06-25 10:14:20,2020-06-25 10:14:22,,,
B01537,2020-06-03 12:45:00,2020-06-03 12:58:00,,,
B03061,2020-06-26 11:00:05,2020-06-26 11:21:10,,,
B03016,2020-06-29 16:02:20,2020-06-29 16:05:23,,,
B00310,2020-06-27 14:42:21,2020-06-27 15:02:47,,,
B01312,2020-06-26 14:52:20,2020-06-26 15:11:37,,,
B00855,2020-06-07 17:30:00,2020-06-07 18:00:00,,,
B01200,2020-06-21 18:14:37,2020-06-21 18:28:19,,,
B02687,2020-06-25 13:54:02,2020-06-25 14:12:50,,,
B02437,2020-06-13 05:31:56,2020-06-13 05:44:36,,,
B00647,2020-06-04 15:17:43,2020-06-04 15:56:55,,,
B00802,2020-06-27 09:10:16,2020-06-27 09:26:27,,,
B00271,2020-06-25 10:56:27,2020-06-25 11:59:37,,,
B02849,2020-06-25 09:21:22,2020-06-25 09:27:01,,,
B00900,2020-06-17 19:49:29,2020-06-17 20:02:41,,,
B02989,2020-06-29 14:55:00,2020-06-29 15:11:00,,,
B02331,2020-06-03 18:06:48,2020-06-03 18:31:06,,,
B00856,2020-06-21 15:06:23,2020-06-21 15:20:10,,,
B03157,2020-06-25 16:57:59,2020-06-25 17:14:25,,,
B01129,2020-06-22 19:11:00,2020-06-22 19:20:00,,,
B02550,2020-06-06 09:47:12,2020-06-06 10:05:05,,,
B01109,2020-06-05 07:14:10,2020-06-05 07:21:10,,,
B02784,2020-06-29 13:57:57,2020-06-29 14:45:34,,,
B01437,2020-06-06 20:39:42,2020-06-06 20:59:00,,,
B01087,2020-06-01 06:57:38,2020-06-01 07:25:03,,,
B02849,2020-06-11 15:10:49,2020-06-11 15:12:02,,,
B00254,2020-06-19 05:20:49,2020-06-19 05:26:52,,,
B00227,2020-06-22 09:00:00,2020-06-22 09:04:00,,,
B00821,2020-06-24 06:31:51,2020-06-24 06:40:46,,,
B01239,2020-06-22 21:18:56,2020-06-22 21:24:48,,,
B02799,2020-06-23 09:10:56,2020-06-23 09:18:21,,,
B01312,2020-06-20 09:13:53,2020-06-20 09:29:16,,,
B03160,2020-06-27 12:22:00,2020-06-27 12:40:00,,,
B00706,2020-06-27 20:16:06,2020-06-27 20:32:24,,,
B03060,2020-06-17 14:29:00,2020-06-17 14:52:37,,,
B01312,2020-06-22 12:08:41,2020-06-22 12:16:11,,,
B01537,2020-06-28 07:02:00,2020-06-28 07:15:00,,,
B00628,2020-06-05 18:18:52,2020-06-05 18:33:09,,,
B01336,2020-06-15 16:04:00,2020-06-15 16:40:00,,,
B03016,2020-06-15 05:42:26,2020-06-15 05:46:10,,,
B00706,2020-06-08 14:12:34,2020-06-08 14:23:00,,,
B02833,2020-06-24 13:12:31,2020-06-24 13:33:31,,,
B00856,2020-06-29 06:14:45,2020-06-29 06:32:33,,,
B01083,2020-06-12 12:56:50,2020-06-12 13:00:18,,,
B01145,2020-06-20 01:34:58,2020-06-20 01:46:29,,,
B00160,2020-06-23 08:39:00,2020-06-23 08:49:00,,,
B01717,2020-06-29 20:02:12,2020-06-29 20:24:44,,,
B00021,2020-06-07 16:00:51,2020-06-07 16:06:02,,,
B01346,2020-06-05 09:50:57,2020-06-05 10:10:52,,,
B01051,2020-06-19 08:59:10,2020-06-19 09:28:14,,,
B02292,2020-06-07 13:46:36,2020-06-07 13:52:23,,,
B00319,2020-06-24 14:05:21,2020-06-24 14:17:27,,,
B00111,2020-06-08 13:01:20,2020-06-08 13:11:32,,,
B01239,2020-06-10 12:55:56,2020-06-10 13:10:56,,,
B02634,2020-06-18 10:33:37,2020-06-18 10:36:02,,,
B01129,2020-06-27 12:04:00,2020-06-27 12:11:00,,,
B02653,2020-06-21 16:13:06,2020-06-21 16:30:18,,,
B00112,2020-06-15 10:38:56,2020-06-15 11:14:53,,,
B00652,2020-06-07 11:25:14,2020-06-07 11:34:46,,,
B01145,2020-06-15 07:56:38,2020-06-15 08:07:24,,,
B01629,2020-06-22 16:25:57,2020-06-22 16:59:26,,,
B03016,2020-06-28 22:32:17,2020-06-28 22:39:07,,,
B02537,2020-06-20 15:04:38,2020-06-20 15:16:31,,,
B01437,2020-06-30 13:52:45,2020-06-30 14:01:13,,,
B03160,2020-06-21 13:01:00,2020-06-21 13:07:00,,,
B02834,2020-06-27 13:26:20,2020-06-27 13:31:30,,,
B03187,2020-06-11 15:37:02,2020-06-11 15:37:22,,,
B01626,2020-06-27 20:03:59,2020-06-27 20:23:14,,,
B00310,2020-06-13 11:08:54,2020-06-13 11:18:32,,,
B00225,2020-06-10 06:46:37,2020-06-10 06:51:40,,,
B02437,2020-06-11 09:59:17,2020-06-11 10:15:25,,,
B00477,2020-06-19 19:25:50,2020-06-19 19:43:34,,,
B00855,2020-06-10 11:00:00,2020-06-10 12:00:00,,,
B03016,2020-06-18 10:29:22,2020-06-18 10:39:58,,,
B00037,2020-06-05 12:47:21,2020-06-05 12:49:47,,,
B02653,2020-06-24 20:55:52,2020-06-24 21:13:02,,,
B01899,2020-06-12 13:43:07,2020-06-12 14:23:29,,,
B01016,2020-06-05 07:01:11,2020-06-05 07:15:50,,,
B02715,2020-06-25 10:21:34,2020-06-25 11:01:42,,,
B03266,2020-06-03 20:11:22,2020-06-03 20:20:44,,,
B01233,2020-06-24 15:12:53,2020-06-24 15:21:19,,,
B01061,2020-06-02 13:48:28,2020-06-02 14:00:53,,,
B02968,2020-06-11 13:21:44,2020-06-11 13:39:01,,,
B00647,2020-06-06 17:43:30,2020-06-06 17:59:35,,,
B02799,2020-06-02 13:57:08,2020-06-02 14:00:31,,,
B02715,2020-06-05 17:22:40,2020-06-05 17:59:39,,,
B02849,2020-06-18 12:11:21,2020-06-18 12:32:32,,,
B03060,2020-06-30 11:59:01,2020-06-30 12:16:29,,,
B00647,2020-06-08 08:33:39,2020-06-08 08:49:22,,,
B01231,2020-06-19 12:08:02,2020-06-19 12:20:05,,,
B01536,2020-06-18 11:50:36,2020-06-18 12:01:39,,,
B01145,2020-06-19 02:13:15,2020-06-19 02:20:02,,,
B02509,2020-06-16 08:09:43,2020-06-16 08:14:45,,,
B02671,2020-06-21 20:30:44,2020-06-21 20:38:46,,,
B01312,2020-06-16 20:04:39,2020-06-16 20:09:38,,,
B02292,2020-06-15 04:26:52,2020-06-15 04:44:44,,,
B03016,2020-06-01 20:14:20,2020-06-01 20:31:03,,,
B00855,2020-06-28 10:00:00,2020-06-28 10:15:00,,,
B02735,2020-06-19 20:35:31,2020-06-19 20:48:55,,,
B01145,2020-06-22 02:42:37,2020-06-22 02:56:38,,,
B03171,2020-06-11 15:19:14,2020-06-11 15:31:04,,,
B03016,2020-06-23 19:07:58,2020-06-23 19:21:01,,,
B01061,2020-06-12 22:28:29,2020-06-12 22:41:07,,,
B01717,2020-06-28 07:35:59,2020-06-28 07:42:59,,,
B01340,2020-06-22 08:24:07,2020-06-22 08:28:12,,,
B02292,2020-06-23 09:36:17,2020-06-23 09:49:45,,,
B01811,2020-06-08 01:20:59,2020-06-08 01:26:32,,,
B00911,2020-06-01 15:30:05,2020-06-01 15:47:41,,,
B01196,2020-06-22 08:22:57,2020-06-22 08:40:41,,,
B00900,2020-06-13 16:45:36,2020-06-13 17:00:15,,,
B00310,2020-06-22 20:18:00,2020-06-22 20:34:24,,,
B01455,2020-06-20 21:59:14,2020-06-20 22:14:42,,,
B02557,2020-06-10 17:29:00,2020-06-10 17:52:00,,,
B01899,2020-06-12 07:42:33,2020-06-12 08:10:30,,,
B02868,2020-06-25 10:38:00,2020-06-25 10:45:00,,,
B02550,2020-06-17 12:07:28,2020-06-17 12:25:11,,,
B01437,2020-06-22 11:57:40,2020-06-22 12:00:18,,,
B00445,2020-06-01 17:23:02,2020-06-01 17:36:53,,,
B02849,2020-06-15 23:25:56,2020-06-15 23:32:34,,,
B01231,2020-06-04 07:56:17,2020-06-04 07:58:22,,,
B00932,2020-06-12 14:04:24,2020-06-12 14:40:27,,,
B01087,2020-06-23 13:13:03,2020-06-23 13:36:50,,,
B03285,2020-06-04 15:09:52,2020-06-04 15:21:19,,,
B01710,2020-06-11 10:49:48,2020-06-11 12:20:56,,,
B01667,2020-06-18 19:56:16,2020-06-18 20:17:16,,,
B02947,2020-06-26 07:45:00,2020-06-26 08:11:04,,,
B03147,2020-06-05 14:57:06,2020-06-05 14:59:43,,,
B00706,2020-06-11 01:27:58,2020-06-11 01:38:26,,,
B01437,2020-06-21 00:29:51,2020-06-21 00:41:00,,,
B00706,2020-06-09 12:33:40,2020-06-09 12:33:53,,,
B02182,2020-06-09 13:36:44,2020-06-09 15:19:04,,,
B01233,2020-06-23 14:52:36,2020-06-23 14:57:02,,,
B01016,2020-06-03 17:02:47,2020-06-03 17:19:26,,,
B00856,2020-06-11 03:04:57,2020-06-11 03:09:20,,,
B00310,2020-06-12 16:13:55,2020-06-12 16:22:03,,,
B00856,2020-06-07 22:43:38,2020-06-07 22:58:19,,,
B02735,2020-06-08 23:57:51,2020-06-09 00:04:57,,,
B01899,2020-06-22 16:58:01,2020-06-22 17:10:58,,,
B02942,2020-06-08 12:34:00,2020-06-08 12:50:00,,,
B02293,2020-06-19 07:26:28,2020-06-19 07:46:38,,,
B00856,2020-06-13 20:28:43,2020-06-13 20:35:21,,,
B02795,2020-06-19 09:30:00,2020-06-19 09:45:08,,,
B00254,2020-06-23 19:21:19,2020-06-23 19:53:47,,,
B01340,2020-06-05 05:42:43,2020-06-05 05:46:09,,,
B01985,2020-06-10 17:17:00,2020-06-10 17:58:00,,,
B02563,2020-06-15 09:42:24,2020-06-15 09:42:30,,,
B00202,2020-06-03 19:00:44,2020-06-03 19:32:52,,,
B03020,2020-06-03 04:20:59,2020-06-03 04:24:04,,,
B01454,2020-06-25 08:37:16,2020-06-25 08:42:32,,,
B00310,2020-06-23 04:22:49,2020-06-23 04:55:10,,,
B02546,2020-06-13 04:20:49,2020-06-13 04:25:03,,,
B02563,2020-06-09 13:36:25,2020-06-09 13:53:54,,,
B00906,2020-06-29 07:27:45,2020-06-29 07:56:54,,,
B02846,2020-06-22 14:03:09,2020-06-22 15:20:16,,,
B01340,2020-06-30 04:08:28,2020-06-30 04:18:17,,,
B03016,2020-06-07 11:12:24,2020-06-07 11:26:01,,,
B00802,2020-06-12 19:08:22,2020-06-12 19:12:12,,,
B01231,2020-06-02 18:35:48,2020-06-02 18:47:51,,,
B02229,2020-06-29 16:41:07,2020-06-29 16:46:11,,,
B01339,2020-06-10 22:20:34,2020-06-10 22:32:20,,,
B00647,2020-06-09 06:46:07,2020-06-09 06:58:37,,,
B01312,2020-06-22 12:38:15,2020-06-22 12:47:38,,,
B00225,2020-06-19 15:55:15,2020-06-19 16:00:29,,,
B02379,2020-06-19 13:13:16,2020-06-19 14:36:05,,,
B03047,2020-06-09 11:03:37,2020-06-09 12:05:15,,,
B03266,2020-06-30 10:04:32,2020-06-30 10:12:56,,,
B01145,2020-06-11 23:51:48,2020-06-12 00:45:23,,,
B03156,2020-06-09 09:53:00,2020-06-09 10:03:00,,,
B01051,2020-06-18 08:22:06,2020-06-18 08:25:11,,,
B01312,2020-06-23 09:30:32,2020-06-23 09:38:18,,,
B01629,2020-06-10 19:22:18,2020-06-10 19:25:31,,,
B02811,2020-06-30 21:07:00,2020-06-30 21:33:03,,,
B00900,2020-06-23 21:48:40,2020-06-23 22:00:35,,,
B02563,2020-06-24 08:54:18,2020-06-24 08:54:20,,,
B01231,2020-06-11 10:35:48,2020-06-11 10:48:41,,,
B02292,2020-06-01 07:53:40,2020-06-01 08:19:25,,,
B01899,2020-06-22 22:51:23,2020-06-22 23:17:37,,,
B02557,2020-06-14 19:02:00,2020-06-14 19:03:00,,,
B00856,2020-06-14 18:41:53,2020-06-14 18:45:42,,,
B02537,2020-06-04 15:08:07,2020-06-04 16:10:19,,,
B00647,2020-06-28 22:05:00,2020-06-28 22:12:20,,,
B00492,2020-06-21 03:03:00,2020-06-21 03:17:00,,,
B02133,2020-06-19 10:11:38,2020-06-19 10:34:35,,,
B03060,2020-06-19 15:13:15,2020-06-19 15:19:55,,,
B01215,2020-06-22 13:48:30,2020-06-22 14:05:21,,,
B01145,2020-06-16 19:35:17,2020-06-16 19:56:11,,,
B01196,2020-06-09 11:25:39,2020-06-09 11:31:54,,,
B02947,2020-06-01 11:00:00,2020-06-01 11:02:33,,,
B01626,2020-06-22 19:13:11,2020-06-22 19:16:16,,,
B00319,2020-06-17 09:56:22,2020-06-17 10:32:31,,,
B02437,2020-06-28 09:07:38,2020-06-28 09:19:18,,,
B00856,2020-06-17 07:52:43,2020-06-17 07:58:06,,,
B01176,2020-06-13 01:12:03,2020-06-13 01:38:55,,,
B01626,2020-06-29 05:27:01,2020-06-29 05:51:38,,,
B01312,2020-06-16 19:28:25,2020-06-16 19:31:02,,,
B02671,2020-06-12 10:21:19,2020-06-12 10:31:42,,,
B02947,2020-06-10 08:00:00,2020-06-10 08:03:46,,,
B02103,2020-06-03 08:41:30,2020-06-03 09:05:52,,,
B01148,2020-06-25 12:05:43,2020-06-25 12:15:35,,,
B00037,2020-06-30 17:53:35,2020-06-30 18:37:11,,,
B01109,2020-06-22 10:21:11,2020-06-22 10:25:06,,,
B03016,2020-06-20 16:42:06,2020-06-20 16:53:37,,,
B01469,2020-06-23 19:05:58,2020-06-23 19:13:23,,,
B01389,2020-06-29 12:17:41,2020-06-29 12:39:18,,,
B01145,2020-06-16 22:41:54,2020-06-16 22:56:02,,,
B01312,2020-06-09 04:39:20,2020-06-09 04:55:11,,,
B00647,2020-06-24 13:12:32,2020-06-24 13:28:34,,,
B01196,2020-06-02 18:42:53,2020-06-02 18:48:04,,,
B00477,2020-06-28 13:39:51,2020-06-28 13:50:37,,,
B01899,2020-06-08 15:52:49,2020-06-08 16:47:12,,,
B00821,2020-06-08 06:41:42,2020-06-08 06:49:49,,,
B03016,2020-06-23 21:17:11,2020-06-23 21:24:14,,,
B02881,2020-06-05 08:15:24,2020-06-05 08:23:53,,,
B02849,2020-06-14 19:25:53,2020-06-14 19:29:40,,,
B01312,2020-06-30 13:01:30,2020-06-30 13:06:18,,,
B01215,2020-06-17 11:34:33,2020-06-17 12:00:07,,,
B03002,2020-06-17 10:04:05,2020-06-17 10:19:32,,,
B01437,2020-06-20 23:44:04,2020-06-20 23:55:27,,,
B03055,2020-06-21 14:26:14,2020-06-21 14:36:58,,,
B02794,2020-06-15 23:17:10,2020-06-15 23:23:10,,,
B01061,2020-06-03 11:46:40,2020-06-03 11:55:00,,,
B00823,2020-06-24 09:57:00,2020-06-24 10:48:26,,,
B02634,2020-06-14 07:43:25,2020-06-14 07:45:51,,,
B02849,2020-06-26 13:00:58,2020-06-26 13:32:50,,,
B02794,2020-06-04 17:34:11,2020-06-04 17:45:10,,,
B03060,2020-06-09 16:56:44,2020-06-09 17:25:55,,,
B02989,2020-06-24 09:21:00,2020-06-24 09:42:00,,,
B01381,2020-06-07 06:15:17,2020-06-07 06:22:32,,,
B02975,2020-06-21 13:40:31,2020-06-21 14:21:26,,,
B01899,2020-06-27 07:00:48,2020-06-27 07:55:33,,,
B01263,2020-06-16 19:59:53,2020-06-16 20:15:04,,,
B03057,2020-06-24 09:41:37,2020-06-24 11:09:00,,,
B01231,2020-06-04 16:51:57,2020-06-04 17:00:31,,,
B00310,2020-06-16 10:25:14,2020-06-16 10:45:58,,,
B03016,2020-06-30 22:49:06,2020-06-30 22:56:33,,,
B00459,2020-06-23 11:11:20,2020-06-23 11:22:31,,,
B02634,2020-06-15 13:18:43,2020-06-15 13:31:46,,,
B03016,2020-06-25 21:13:08,2020-06-25 21:24:51,,,
B00037,2020-06-06 16:54:03,2020-06-06 17:08:55,,,
B02509,2020-06-22 10:18:08,2020-06-22 10:40:16,,,
B03060,2020-06-21 04:37:21,2020-06-21 04:54:32,,,
B02735,2020-06-16 07:36:25,2020-06-16 07:50:23,,,
B01145,2020-06-17 22:13:57,2020-06-17 22:17:30,,,
B01312,2020-06-05 13:11:52,2020-06-05 13:55:37,,,
B00256,2020-06-30 04:47:35,2020-06-30 05:10:14,,,
B03015,2020-06-10 08:46:24,2020-06-10 09:01:04,,,
B03107,2020-06-11 08:15:51,2020-06-11 09:25:52,,,
B03128,2020-06-17 12:00:00,2020-06-17 12:14:10,,,
B00225,2020-06-17 15:13:36,2020-06-17 15:39:23,,,
B02653,2020-06-02 10:02:08,2020-06-02 10:15:27,,,
B02162,2020-06-14 01:20:05,2020-06-14 01:27:12,,,
B00900,2020-06-08 09:21:17,2020-06-08 09:29:39,,,
B02709,2020-06-08 07:26:38,2020-06-08 07:43:18,,,
B00310,2020-06-02 09:36:18,2020-06-02 09:58:27,,,
B00823,2020-06-17 20:22:09,2020-06-17 20:40:30,,,
B01312,2020-06-30 12:14:53,2020-06-30 12:46:21,,,
B02279,2020-06-21 11:39:02,2020-06-21 11:57:21,,,
B02437,2020-06-05 16:13:17,2020-06-05 16:47:32,,,
B00911,2020-06-06 11:13:02,2020-06-06 11:15:28,,,
B02550,2020-06-29 09:35:12,2020-06-29 09:54:57,,,
B03160,2020-06-14 12:16:00,2020-06-14 12:34:00,,,
B01016,2020-06-13 18:42:00,2020-06-13 18:47:48,,,
B01079,2020-06-16 09:28:57,2020-06-16 09:36:02,,,
B00821,2020-06-11 01:09:58,2020-06-11 01:15:53,,,
B01051,2020-06-13 12:38:51,2020-06-13 12:42:48,,,
B02653,2020-06-26 09:51:50,2020-06-26 10:03:01,,,
B01469,2020-06-27 16:57:21,2020-06-27 17:23:22,,,
B00706,2020-06-22 12:15:42,2020-06-22 12:42:21,,,
B01667,2020-06-05 14:03:45,2020-06-05 14:20:45,,,
B02794,2020-06-21 20:09:12,2020-06-21 20:13:12,,,
B02107,2020-06-28 15:22:07,2020-06-28 15:53:08,,,
B00789,2020-06-23 18:06:12,2020-06-23 18:44:00,,,
B03002,2020-06-16 12:41:29,2020-06-16 12:54:55,,,
B00900,2020-06-25 22:02:33,2020-06-25 22:20:18,,,
B02784,2020-06-26 13:07:12,2020-06-26 14:07:10,,,
B03023,2020-06-26 12:53:17,2020-06-26 12:58:12,,,
B01083,2020-06-22 16:37:20,2020-06-22 16:40:27,,,
B00256,2020-06-24 04:02:33,2020-06-24 04:21:59,,,
B00802,2020-06-20 17:26:09,2020-06-20 17:30:28,,,
B02709,2020-06-25 18:42:24,2020-06-25 18:56:24,,,
B03128,2020-06-03 05:15:00,2020-06-03 05:26:31,,,
B01717,2020-06-25 09:24:12,2020-06-25 09:36:27,,,
B00256,2020-06-15 04:31:13,2020-06-15 04:53:53,,,
B00310,2020-06-28 07:20:16,2020-06-28 07:29:17,,,
B00911,2020-06-19 09:45:37,2020-06-19 09:53:04,,,
B00821,2020-06-12 15:17:38,2020-06-12 15:21:07,,,
B01536,2020-06-10 19:24:51,2020-06-10 19:33:52,,,
B03160,2020-06-06 15:17:00,2020-06-06 15:33:00,,,
B01626,2020-06-29 19:48:44,2020-06-29 20:00:46,,,
B01239,2020-06-20 21:05:00,2020-06-20 21:18:21,,,
B02243,2020-06-08 12:50:31,2020-06-08 12:59:15,,,
B01536,2020-06-26 13:45:48,2020-06-26 14:14:37,,,
B00887,2020-06-11 06:32:53,2020-06-11 06:57:43,,,
B00827,2020-06-23 12:00:13,2020-06-23 12:17:14,,,
B03160,2020-06-29 14:14:00,2020-06-29 14:54:00,,,
B02849,2020-06-08 04:43:37,2020-06-08 05:01:57,,,
B02279,2020-06-28 02:37:54,2020-06-28 02:47:39,,,
B02133,2020-06-18 09:50:47,2020-06-18 10:26:31,,,
B01148,2020-06-25 15:53:22,2020-06-25 16:02:05,,,
B01239,2020-06-10 21:48:37,2020-06-10 22:10:14,,,
B03016,2020-06-18 22:02:35,2020-06-18 22:28:10,,,
B00856,2020-06-28 01:56:27,2020-06-28 02:07:12,,,
B00837,2020-06-16 15:38:19,2020-06-16 15:54:02,,,
B00823,2020-06-02 12:33:10,2020-06-02 13:17:18,,,
B01312,2020-06-11 12:27:56,2020-06-11 12:52:27,,,
B00900,2020-06-25 09:54:47,2020-06-25 10:14:12,,,
B01259,2020-06-02 14:08:58,2020-06-02 14:15:20,,,
B01340,2020-06-28 01:13:19,2020-06-28 01:33:16,,,
B00756,2020-06-04 11:51:00,2020-06-04 11:57:00,,,
B01568,2020-06-25 02:06:37,2020-06-25 02:13:18,,,
B02901,2020-06-24 09:01:12,2020-06-24 09:38:31,,,
B01913,2020-06-11 09:00:17,2020-06-11 10:13:22,,,
B01196,2020-06-17 08:10:45,2020-06-17 08:18:58,,,
B03160,2020-06-24 10:51:00,2020-06-24 11:25:00,,,
B02968,2020-06-19 07:29:47,2020-06-19 07:36:09,,,
B01312,2020-06-17 08:43:55,2020-06-17 08:55:12,,,
B01362,2020-06-08 05:52:39,2020-06-08 06:09:16,,,
B01196,2020-06-26 19:37:47,2020-06-26 20:23:43,,,
B03016,2020-06-17 10:05:27,2020-06-17 10:18:10,,,
B01559,2020-06-23 09:18:38,2020-06-23 09:36:38,,,
B02735,2020-06-22 08:23:53,2020-06-22 08:36:43,,,
B01308,2020-06-04 12:46:00,2020-06-04 13:02:00,,,
B00647,2020-06-22 16:20:08,2020-06-22 16:32:27,,,
B01145,2020-06-09 12:04:00,2020-06-09 12:31:26,,,
B00112,2020-06-10 22:57:47,2020-06-10 23:04:00,,,
B00856,2020-06-24 21:04:36,2020-06-24 21:28:36,,,
B03047,2020-06-11 09:08:56,2020-06-11 10:07:33,,,
B03104,2020-06-23 05:20:29,2020-06-23 05:39:11,,,
B00457,2020-06-13 19:32:13,2020-06-13 19:40:43,,,
B00937,2020-06-22 11:16:46,2020-06-22 11:30:20,,,
B02550,2020-06-01 14:36:31,2020-06-01 14:45:43,,,
B00112,2020-06-20 22:17:46,2020-06-20 22:42:17,,,
B02279,2020-06-13 10:24:13,2020-06-13 10:33:39,,,
B02429,2020-06-30 22:50:33,2020-06-30 23:26:59,,,
B02898,2020-06-02 09:45:41,2020-06-02 10:00:56,,,
B02846,2020-06-30 14:15:38,2020-06-30 15:35:31,,,
B02534,2020-06-12 14:50:00,2020-06-12 15:09:00,,,
B00856,2020-06-24 20:22:54,2020-06-24 20:31:33,,,
B01452,2020-06-17 12:24:26,2020-06-17 12:41:41,,,
B03060,2020-06-29 15:19:23,2020-06-29 15:24:40,,,
B03060,2020-06-01 09:22:05,2020-06-01 09:27:14,,,
B02898,2020-06-10 07:44:55,2020-06-10 07:59:17,,,
B00856,2020-06-17 10:56:15,2020-06-17 11:26:34,,,
B01145,2020-06-18 23:23:03,2020-06-18 23:27:29,,,
B00256,2020-06-28 07:06:24,2020-06-28 07:24:48,,,
B01362,2020-06-18 08:10:21,2020-06-18 08:16:56,,,
B02735,2020-06-19 08:57:24,2020-06-19 09:26:02,,,
B00789,2020-06-08 08:48:04,2020-06-08 09:13:16,,,
B02930,2020-06-06 06:59:37,2020-06-06 07:31:39,,,
B00937,2020-06-17 17:11:51,2020-06-17 17:32:41,,,
B02546,2020-06-22 09:24:18,2020-06-22 11:07:35,,,
B03016,2020-06-22 00:00:43,2020-06-22 00:25:07,,,
B02898,2020-06-04 06:30:01,2020-06-04 06:45:29,,,
B01717,2020-06-06 07:44:56,2020-06-06 07:56:15,,,
B01710,2020-06-18 17:19:07,2020-06-18 17:33:58,,,
B01145,2020-06-27 04:54:11,2020-06-27 05:17:35,,,
B01285,2020-06-04 12:51:03,2020-06-04 12:58:41,,,
B02410,2020-06-18 05:04:44,2020-06-18 05:33:34,,,
B01455,2020-06-10 01:05:15,2020-06-10 01:10:38,,,
B02107,2020-06-19 12:00:32,2020-06-19 12:20:18,,,
B01233,2020-06-11 11:22:03,2020-06-11 11:43:52,,,
B02834,2020-06-06 12:40:41,2020-06-06 12:50:00,,,
B00310,2020-06-12 15:53:01,2020-06-12 15:55:34,,,
