VendorID,tpep_pickup_datetime,tpep_dropoff_datetime,passenger_count,trip_distance,RatecodeID,store_and_fwd_flag,PULocationID,DOLocationID,payment_type,fare_amount,extra,mta_tax,tip_amount,tolls_amount,improvement_surcharge,total_amount,congestion_surcharge
2,2020-05-26 04:42:52,2020-05-26 04:58:58,1,.62,1,N,68,68,2,5,0.5,0.5,0,0,0.3,8.8,2.5
1,2020-05-28 13:00:27,2020-05-28 13:31:49,1,4.70,1,N,162,148,2,22,2.5,0.5,0,0,0.3,25.3,2.5
2,2020-05-26 19:34:13,2020-05-26 19:52:49,3,6.37,1,N,262,60,1,20.5,1,0.5,0,0,0.3,24.8,2.5
2,2020-05-10 17:38:29,2020-05-10 17:41:38,6,.70,1,N,162,161,1,4.5,0,0.5,0,0,0.3,7.8,2.5
1,2020-05-21 12:05:21,2020-05-21 12:09:19,1,.30,1,N,140,140,1,4.5,2.5,0.5,1.55,0,0.3,9.35,2.5
1,2020-05-07 06:13:52,2020-05-07 06:14:47,0,.40,1,N,100,100,2,3,2.5,0.5,0,0,0.3,6.3,2.5
2,2020-05-31 20:41:13,2020-05-31 20:57:04,2,3.42,1,N,45,162,1,14,0.5,0.5,3.56,0,0.3,21.36,2.5
2,2020-05-20 13:09:46,2020-05-20 13:20:11,2,1.39,1,N,75,74,1,8.5,0,0.5,1.86,0,0.3,11.16,0
2,2020-05-26 15:26:54,2020-05-26 15:32:32,5,.90,1,N,239,43,1,6,0,0.5,1.86,0,0.3,11.16,2.5
2,2020-05-25 15:41:36,2020-05-25 15:46:09,1,1.58,1,N,186,142,1,6.5,0,0.5,2.94,0,0.3,12.74,2.5
,2020-05-12 09:42:21,2020-05-12 10:11:16,,17.50,,,137,265,,53.93,0,0.5,2.75,0,0.3,57.48,0
,2020-05-21 23:12:00,2020-05-21 23:35:00,,8.70,,,83,42,,24.1,0,0.5,0,6.12,0.3,31.02,0
1,2020-05-23 19:12:59,2020-05-23 19:12:59,1,.00,5,Y,182,264,2,0,0,0,0,0,0,0,0
2,2020-05-21 14:30:27,2020-05-21 14:33:42,3,.81,1,N,90,68,1,5,0,0.5,1.66,0,0.3,9.96,2.5
1,2020-05-25 14:28:37,2020-05-25 14:36:13,2,1.80,1,N,230,137,3,8,2.5,0.5,0,0,0.3,11.3,2.5
2,2020-05-23 14:11:13,2020-05-23 14:20:12,1,3.26,1,N,263,164,1,11,0,0.5,2.86,0,0.3,17.16,2.5
2,2020-05-11 04:00:33,2020-05-11 04:09:32,1,1.71,1,N,48,229,1,8.5,0.5,0.5,1.25,0,0.3,13.55,2.5
2,2020-05-27 10:01:32,2020-05-27 10:05:30,1,1.27,1,N,74,75,2,5.5,0,0.5,0,0,0.3,6.3,0
1,2020-05-11 15:17:26,2020-05-11 15:23:03,1,.70,1,N,170,100,1,6,2.5,0.5,1,0,0.3,10.3,2.5
,2020-05-30 03:32:00,2020-05-30 03:51:00,,6.13,,,50,25,,36.9,0,0.5,0,0,0.3,37.7,0
1,2020-05-02 20:30:40,2020-05-02 20:35:39,1,1.30,1,N,48,143,1,6.5,3,0.5,2.05,0,0.3,12.35,2.5
2,2020-05-01 18:28:56,2020-05-01 18:36:15,1,2.15,1,N,141,236,2,8.5,1,0.5,0,0,0.3,12.8,2.5
2,2020-05-02 14:29:52,2020-05-02 14:39:20,5,2.17,1,N,79,231,1,9.5,0,0.5,2,0,0.3,16.75,2.5
2,2020-05-12 08:08:14,2020-05-12 08:14:45,1,1.78,1,N,79,68,1,7.5,0,0.5,2.7,0,0.3,13.5,2.5
,2020-05-27 23:12:00,2020-05-27 23:33:00,,6.10,,,159,243,,14.46,0,0.5,0,0,0.3,15.26,0
2,2020-05-29 11:50:22,2020-05-29 12:10:22,5,4.12,1,N,238,170,1,17,0,0.5,4.06,0,0.3,24.36,2.5
2,2020-05-14 20:01:57,2020-05-14 20:31:34,1,19.56,2,N,132,263,1,52,0,0.5,12.28,6.12,0.3,73.7,2.5
2,2020-05-29 22:34:02,2020-05-29 22:44:38,1,3.00,1,N,234,236,1,11.5,0.5,0.5,1,0,0.3,16.3,2.5
1,2020-05-27 15:58:55,2020-05-27 16:09:30,1,2.50,1,N,162,145,1,10.5,3.5,0.5,2,0,0.3,16.8,2.5
1,2020-05-01 19:33:07,2020-05-01 19:39:45,0,.80,1,N,41,24,1,6.5,1,0.5,1,0,0.3,9.3,0
,2020-05-30 23:29:36,2020-05-31 00:09:21,,20.66,,,37,174,,53.96,0,0.5,0,6.12,0.3,60.88,0
2,2020-05-16 01:51:08,2020-05-16 02:10:47,2,6.21,1,N,170,129,2,21,0.5,0.5,0,0,0.3,24.8,2.5
1,2020-05-15 10:21:58,2020-05-15 10:33:35,1,2.40,1,N,238,141,1,10.5,2.5,0.5,3.45,0,0.3,17.25,2.5
1,2020-05-29 10:24:13,2020-05-29 10:27:23,1,1.00,1,N,151,239,1,5,2.5,0.5,1.65,0,0.3,9.95,2.5
1,2020-05-31 07:57:34,2020-05-31 08:00:00,1,.50,1,N,48,50,2,4,2.5,0.5,0,0,0.3,7.3,2.5
1,2020-05-07 18:11:01,2020-05-07 18:20:50,1,1.90,1,N,236,143,1,9,3.5,0.5,3.3,0,0.3,16.6,2.5
1,2020-05-28 11:31:23,2020-05-28 11:45:21,1,2.80,1,N,143,100,1,12,2.5,0.5,0,0,0.3,15.3,2.5
2,2020-05-21 11:29:38,2020-05-21 11:44:44,1,2.67,1,N,239,140,1,12.5,0,0.5,3.95,0,0.3,19.75,2.5
2,2020-05-23 10:08:55,2020-05-23 10:19:17,1,2.10,1,N,262,238,1,10,0,0.5,1,0,0.3,14.3,2.5
2,2020-05-14 18:52:27,2020-05-14 19:00:25,1,1.29,1,N,137,186,2,7.5,1,0.5,0,0,0.3,11.8,2.5
2,2020-05-08 00:02:45,2020-05-08 00:22:01,1,3.31,1,N,65,89,1,15.5,0.5,0.5,3,0,0.3,19.8,0
1,2020-05-25 14:59:42,2020-05-25 15:02:42,1,.80,1,N,263,236,1,4.5,2.5,0.5,1.55,0,0.3,9.35,2.5
2,2020-05-09 22:49:53,2020-05-09 23:11:39,1,9.30,1,N,148,95,2,28,0.5,0.5,0,0,0.3,31.8,2.5
,2020-05-07 16:31:00,2020-05-07 17:14:00,,31.14,,,42,265,,73.43,0,0.5,0,17.55,0.3,91.78,0
2,2020-05-17 12:30:17,2020-05-17 12:31:35,1,.43,1,N,229,141,2,3.5,0,0.5,0,0,0.3,6.8,2.5
1,2020-05-07 17:36:21,2020-05-07 17:45:33,1,2.30,1,N,237,186,2,9.5,3.5,0.5,0,0,0.3,13.8,2.5
2,2020-05-26 23:58:27,2020-05-27 00:17:59,2,7.95,1,N,186,56,1,25,0.5,0.5,5,6.12,0.3,39.92,2.5
,2020-05-18 11:37:00,2020-05-18 12:07:00,,10.28,,,75,242,,26.99,0,0.5,2.75,0,0.3,30.54,0
,2020-05-08 22:02:56,2020-05-08 22:30:36,,14.53,,,137,51,,40.86,0,0.5,0,0,0.3,44.16,2.5
1,2020-05-06 12:59:39,2020-05-06 13:04:18,2,1.10,1,N,107,114,2,6,2.5,0.5,0,0,0.3,9.3,2.5
2,2020-05-22 10:03:34,2020-05-22 10:08:36,1,1.10,1,N,237,161,2,6,0,0.5,0,0,0.3,9.3,2.5
1,2020-05-06 07:14:15,2020-05-06 07:19:26,1,1.10,1,N,234,137,2,6,2.5,0.5,0,0,0.3,9.3,2.5
2,2020-05-13 19:25:37,2020-05-13 19:29:17,2,1.75,1,N,140,233,2,7,1,0.5,0,0,0.3,11.3,2.5
2,2020-05-20 20:02:33,2020-05-20 20:16:30,1,5.58,1,N,137,13,1,17.5,0.5,0.5,5.32,0,0.3,26.62,2.5
1,2020-05-13 14:00:24,2020-05-13 14:07:00,0,.90,1,N,161,186,2,6,2.5,0.5,0,0,0.3,9.3,2.5
1,2020-05-12 16:32:50,2020-05-12 16:56:59,1,.00,1,N,42,47,1,19.2,0,0.5,0,0,0.3,20,0
2,2020-05-14 13:49:04,2020-05-14 13:56:18,1,.80,1,N,75,263,1,6.5,0,0.5,1.46,0,0.3,8.76,0
2,2020-05-19 12:55:01,2020-05-19 13:03:26,1,1.69,1,N,236,161,1,8.5,0,0.5,1.2,0,0.3,13,2.5
1,2020-05-14 15:35:35,2020-05-14 15:47:40,1,1.60,1,N,161,237,2,10,2.5,0.5,0,0,0.3,13.3,2.5
1,2020-05-12 12:59:28,2020-05-12 13:06:19,1,1.40,1,N,237,263,1,7,2.5,0.5,2.05,0,0.3,12.35,2.5
1,2020-05-07 05:49:07,2020-05-07 05:56:19,1,2.30,1,N,100,238,1,9,3,0.5,1.2,0,0.3,14,2.5
2,2020-05-01 15:22:55,2020-05-01 15:30:14,1,2.91,1,N,148,87,2,10.5,0,0.5,0,0,0.3,13.8,2.5
,2020-05-08 00:22:00,2020-05-08 00:26:00,,.92,,,75,75,,5.41,0,0.5,0,0,0.3,6.21,0
2,2020-05-19 15:01:52,2020-05-19 15:15:44,1,8.49,1,N,262,13,2,24,0,0.5,0,0,0.3,27.3,2.5
1,2020-05-26 11:03:14,2020-05-26 11:19:12,1,5.20,1,N,13,43,1,17.5,2.5,0.5,2,0,0.3,22.8,2.5
,2020-05-02 07:03:00,2020-05-02 07:21:00,,5.59,,,159,18,,17.26,0,0.5,0,0,0.3,18.06,0
,2020-05-15 12:51:41,2020-05-15 13:12:40,,10.01,,,163,94,,23.42,0,0.5,2.75,0,0.3,26.97,0
2,2020-05-08 12:43:30,2020-05-08 12:51:41,1,2.26,1,N,170,142,1,9,0,0.5,1.23,0,0.3,13.53,2.5
2,2020-05-31 16:11:11,2020-05-31 16:18:26,1,1.46,1,N,141,43,1,7.5,0,0.5,3.24,0,0.3,14.04,2.5
2,2020-05-05 16:39:45,2020-05-05 16:46:04,3,.85,1,N,244,116,2,6,1,0.5,0,0,0.3,7.8,0
2,2020-05-01 12:37:04,2020-05-01 12:48:31,1,3.46,1,N,41,143,2,12,0,0.5,0,0,0.3,15.3,2.5
,2020-05-14 22:35:00,2020-05-14 22:46:00,,2.17,,,68,137,,8.82,0,0.5,0,0,0.3,12.12,2.5
1,2020-05-15 23:11:17,2020-05-15 23:21:09,1,3.70,1,N,137,45,2,13.5,3,0.5,0,0,0.3,17.3,2.5
2,2020-05-20 19:27:22,2020-05-20 19:31:22,1,1.04,1,N,163,100,2,5.5,1,0.5,0,0,0.3,9.8,2.5
2,2020-05-04 13:01:03,2020-05-04 13:02:32,1,.22,1,N,43,142,2,3,0,0.5,0,0,0.3,6.3,2.5
1,2020-05-30 17:22:19,2020-05-30 17:31:10,1,2.30,1,N,141,75,2,9.5,2.5,0.5,0,0,0.3,12.8,2.5
2,2020-05-19 16:22:00,2020-05-19 16:29:38,3,1.22,1,N,170,90,1,7.5,1,0.5,2.36,0,0.3,14.16,2.5
2,2020-05-04 10:54:42,2020-05-04 11:05:14,1,.70,1,N,74,74,2,7.5,0,0.5,0,0,0.3,8.3,0
2,2020-05-15 11:44:37,2020-05-15 11:52:28,1,.89,1,N,162,141,1,7,0,0.5,2,0,0.3,12.3,2.5
1,2020-05-06 16:34:15,2020-05-06 16:35:41,2,.20,1,N,74,74,2,3,1,0.5,0,0,0.3,4.8,0
,2020-05-09 03:07:00,2020-05-09 03:48:00,,28.88,,,55,78,,59.02,0,0.5,2.75,6.12,0.3,68.69,0
1,2020-05-22 23:59:08,2020-05-23 00:16:37,1,7.70,1,N,186,116,2,24,3,0.5,0,0,0.3,27.8,2.5
2,2020-05-20 14:44:43,2020-05-20 14:53:29,2,2.03,1,N,162,262,1,9,0,0.5,2.46,0,0.3,14.76,2.5
2,2020-05-28 18:17:31,2020-05-28 18:23:38,2,1.29,1,N,237,236,1,7,1,0.5,2.26,0,0.3,13.56,2.5
2,2020-05-17 11:37:18,2020-05-17 11:43:08,2,.99,1,N,239,238,2,6,0,0.5,0,0,0.3,9.3,2.5
,2020-05-02 00:27:30,2020-05-02 00:35:51,,.00,,,41,152,,6.7,0.5,0.5,0.4,0,0.3,10.4,0
2,2020-05-04 18:39:23,2020-05-04 18:52:51,1,1.94,1,N,79,164,2,10.5,1,0.5,0,0,0.3,14.8,2.5
,2020-05-06 17:03:33,2020-05-06 17:11:30,,3.45,,,137,263,,15.48,0,0.5,0,0,0.3,18.78,2.5
2,2020-05-24 16:47:33,2020-05-24 16:49:40,1,.66,1,N,41,41,2,4,0,0.5,0,0,0.3,4.8,0
1,2020-05-29 08:47:49,2020-05-29 08:58:30,1,2.80,1,N,263,142,1,11,2.5,0.5,4.25,0,0.3,18.55,2.5
,2020-05-29 08:16:56,2020-05-29 08:32:32,,8.60,,,75,261,,24.5,0,0.5,4.17,0,0.3,31.97,2.5
1,2020-05-05 15:08:38,2020-05-05 15:26:52,1,4.80,1,N,238,107,1,17.5,2.5,0.5,2,0,0.3,22.8,2.5
1,2020-05-05 15:30:39,2020-05-05 15:44:14,0,3.10,1,N,75,162,1,13,2.5,0.5,0,0,0.3,16.3,2.5
1,2020-05-11 12:50:31,2020-05-11 13:05:06,1,1.80,1,N,263,141,2,11,2.5,0.5,0,0,0.3,14.3,2.5
2,2020-05-27 13:57:20,2020-05-27 14:06:41,1,1.57,1,N,239,236,1,8.5,0,0.5,2.36,0,0.3,14.16,2.5
2,2020-05-23 06:51:46,2020-05-23 07:11:37,1,15.62,5,N,134,244,1,35,0,0.5,1,0,0.3,36.8,0
1,2020-05-24 17:45:38,2020-05-24 17:55:47,1,1.90,1,N,141,142,1,9.5,2.5,0.5,3.2,0,0.3,16,2.5
2,2020-05-18 12:24:49,2020-05-18 12:33:11,1,1.16,1,N,163,237,2,7,0,0.5,0,0,0.3,10.3,2.5
2,2020-05-14 14:59:14,2020-05-14 15:32:30,1,12.33,1,N,237,81,1,37,0,0.5,2.75,0,0.3,40.55,0
1,2020-05-18 12:57:54,2020-05-18 12:59:37,1,.30,1,N,239,239,1,3.5,2.5,0.5,1,0,0.3,7.8,2.5
1,2020-05-23 18:29:53,2020-05-23 18:43:20,1,3.50,1,N,186,263,1,13,2.5,0.5,3.25,0,0.3,19.55,2.5
,2020-05-13 16:32:17,2020-05-13 16:55:49,,9.88,,,75,174,,28.23,0,0.5,0,6.12,0.3,35.15,0
2,2020-05-29 18:27:52,2020-05-29 18:34:12,1,1.32,1,N,90,113,1,6.5,1,0.5,2.16,0,0.3,12.96,2.5
2,2020-05-12 12:04:41,2020-05-12 12:14:02,1,2.62,1,N,239,68,1,10,0,0.5,3.32,0,0.3,16.62,2.5
2,2020-05-10 18:29:15,2020-05-10 18:34:54,3,2.02,1,N,162,262,2,7.5,0,0.5,0,0,0.3,10.8,2.5
2,2020-05-28 12:04:34,2020-05-28 12:09:42,1,.61,1,N,140,263,2,5.5,0,0.5,0,0,0.3,8.8,2.5
1,2020-05-08 05:47:11,2020-05-08 05:48:54,1,.70,1,N,68,48,2,4,3,0.5,0,0,0.3,7.8,2.5
,2020-05-19 00:45:00,2020-05-19 01:02:00,,9.70,,,137,212,,28.8,0,0.5,0,6.12,0.3,38.22,2.5
2,2020-05-20 01:15:34,2020-05-20 01:21:14,1,1.10,1,N,42,42,2,6.5,0.5,0.5,0,0,0.3,7.8,0
2,2020-05-06 10:38:58,2020-05-06 10:49:07,1,2.21,1,N,237,230,2,9.5,0,0.5,0,0,0.3,12.8,2.5
2,2020-05-07 23:30:18,2020-05-07 23:35:15,3,.83,1,N,41,41,2,5.5,0.5,0.5,0,0,0.3,6.8,0
1,2020-05-11 10:50:56,2020-05-11 11:03:48,1,1.90,1,N,140,142,1,10.5,2.5,0.5,2.75,0,0.3,16.55,2.5
,2020-05-25 04:45:01,2020-05-25 05:09:19,,11.24,,,241,171,,36.36,0,0.5,0,6.12,0.3,43.28,0
2,2020-05-23 21:11:01,2020-05-23 21:21:26,1,1.84,1,N,41,42,2,9.5,0.5,0.5,0,0,0.3,10.8,0
1,2020-05-15 11:57:25,2020-05-15 12:05:36,2,1.10,1,N,68,164,2,7.5,2.5,0.5,0,0,0.3,10.8,2.5
2,2020-05-20 15:42:11,2020-05-20 15:42:20,2,.04,2,N,233,233,2,52,0,0.5,0,0,0.3,55.3,2.5
1,2020-05-21 19:06:12,2020-05-21 19:18:07,1,3.20,1,N,140,41,2,12,3.5,0.5,0,0,0.3,16.3,2.5
1,2020-05-09 11:37:29,2020-05-09 11:46:11,1,2.10,1,N,263,162,1,9,2.5,0.5,3.65,0,0.3,15.95,2.5
2,2020-05-05 18:11:57,2020-05-05 18:18:44,1,.93,1,N,263,43,1,6.5,1,0.5,2.16,0,0.3,12.96,2.5
,2020-05-13 07:21:25,2020-05-13 07:40:01,,8.01,,,181,137,,24.04,0,0.5,0,6.12,0.3,33.46,2.5
1,2020-05-14 13:57:07,2020-05-14 14:02:23,1,1.00,1,N,107,113,1,5.5,2.5,0.5,2.6,0,0.3,11.4,2.5
1,2020-05-14 13:18:20,2020-05-14 13:22:04,1,.50,1,N,263,262,2,4.5,2.5,0.5,0,0,0.3,7.8,2.5
,2020-05-08 04:32:00,2020-05-08 04:56:00,,11.25,,,213,170,,30.84,0,0.5,0,6.12,0.3,37.76,0
,2020-05-08 19:56:00,2020-05-08 20:38:00,,23.20,,,63,240,,50.07,0,0.5,2.75,6.12,0.3,59.74,0
2,2020-05-21 00:20:31,2020-05-21 00:29:27,1,2.32,1,N,137,50,2,10,0.5,0.5,0,0,0.3,13.8,2.5
2,2020-05-27 06:30:04,2020-05-27 06:35:28,1,1.29,1,N,239,48,2,6.5,0,0.5,0,0,0.3,9.8,2.5
2,2020-05-31 22:25:35,2020-05-31 22:33:58,2,2.77,1,N,229,146,1,10,0.5,0.5,2.76,0,0.3,16.56,2.5
1,2020-05-15 16:53:10,2020-05-15 16:56:05,1,.60,1,N,186,48,2,4.5,3.5,0.5,0,0,0.3,8.8,2.5
,2020-05-29 04:58:41,2020-05-29 05:21:23,,9.81,,,182,141,,27.5,0,0.5,0,0,0.3,28.3,0
,2020-05-18 08:46:00,2020-05-18 09:06:00,,10.33,,,259,159,,23.26,0,0.5,0,0,0.3,24.06,0
2,2020-05-09 10:53:49,2020-05-09 11:11:37,5,3.15,1,N,74,116,2,14.5,0,0.5,0,0,0.3,15.3,0
2,2020-05-07 07:16:10,2020-05-07 07:20:28,1,1.77,1,N,236,74,1,6.5,0,0.5,1,0,0.3,10.8,2.5
,2020-05-03 20:02:00,2020-05-03 20:16:00,,5.80,,,137,260,,18.01,0,0.5,0,0,0.3,21.31,2.5
1,2020-05-10 13:10:19,2020-05-10 13:15:12,1,1.00,1,N,107,137,1,5.5,2.5,0.5,1.75,0,0.3,10.55,2.5
2,2020-05-22 15:03:00,2020-05-22 15:10:15,1,1.38,1,N,262,43,1,7.5,0,0.5,2.16,0,0.3,12.96,2.5
1,2020-05-12 14:15:05,2020-05-12 14:24:27,1,1.30,1,N,75,263,2,8,2.5,0.5,0,0,0.3,11.3,2.5
2,2020-05-12 17:51:06,2020-05-12 17:58:33,1,1.32,1,N,140,162,1,7.5,1,0.5,2.36,0,0.3,14.16,2.5
,2020-05-21 12:56:23,2020-05-21 13:04:52,,1.96,,,263,233,,8,0,0.5,2.75,0,0.3,11.55,0
1,2020-05-16 05:48:09,2020-05-16 05:52:04,1,.60,1,N,162,100,2,5,3,0.5,0,0,0.3,8.8,2.5
1,2020-05-30 16:53:53,2020-05-30 17:02:33,2,1.90,1,N,43,41,1,9,2.5,0.5,2,0,0.3,14.3,2.5
2,2020-05-27 21:13:53,2020-05-27 21:23:57,1,2.20,1,N,142,263,1,9.5,0.5,0.5,2.66,0,0.3,15.96,2.5
1,2020-05-19 12:15:49,2020-05-19 12:23:05,1,2.50,1,N,164,236,1,9,2.5,0.5,2,0,0.3,14.3,2.5
1,2020-05-26 10:37:53,2020-05-26 10:42:18,1,1.30,1,N,236,238,2,6,2.5,0.5,0,0,0.3,9.3,2.5
2,2020-05-20 20:29:17,2020-05-20 20:41:31,1,2.77,1,N,142,234,1,11,0.5,0.5,3.7,0,0.3,18.5,2.5
1,2020-05-06 10:20:44,2020-05-06 10:23:46,2,.80,1,N,68,90,2,5,2.5,0.5,0,0,0.3,8.3,2.5
,2020-05-31 00:04:22,2020-05-31 00:18:44,,2.76,,,116,168,,12.36,0,0.5,2.63,0,0.3,15.79,0
,2020-05-24 03:57:03,2020-05-24 04:21:25,,18.25,,,80,39,,45.16,0,0.5,0,0,0.3,45.96,0
2,2020-05-12 12:27:17,2020-05-12 12:43:13,1,6.22,1,N,138,198,2,19.5,0,0.5,0,0,0.3,20.3,0
2,2020-05-27 21:35:02,2020-05-27 21:40:33,1,1.36,1,N,186,113,2,6.5,0.5,0.5,0,0,0.3,10.3,2.5
,2020-05-12 19:19:00,2020-05-12 19:28:00,,2.17,,,75,42,,11.12,0,0.5,0,0,0.3,11.92,0
2,2020-05-15 18:40:58,2020-05-15 18:46:46,1,1.82,1,N,162,263,1,7.5,1,0.5,2.36,0,0.3,14.16,2.5
1,2020-05-20 17:55:19,2020-05-20 18:03:26,1,2.70,1,N,170,263,1,9.5,3.5,0.5,2.75,0,0.3,16.55,2.5
2,2020-05-15 17:02:06,2020-05-15 17:14:51,2,2.82,1,N,236,143,1,11.5,1,0.5,8,0,0.3,23.8,2.5
1,2020-05-16 15:32:10,2020-05-16 16:54:26,1,7.80,1,Y,48,230,2,50.5,2.5,0.5,0,0,0.3,53.8,2.5
2,2020-05-07 18:46:48,2020-05-07 18:52:41,1,1.33,1,N,161,233,1,6.5,1,0.5,1,0,0.3,11.8,2.5
1,2020-05-29 16:13:20,2020-05-29 16:20:31,1,1.10,1,N,142,239,1,7,3.5,0.5,2.8,0,0.3,14.1,2.5
1,2020-05-29 09:07:34,2020-05-29 09:20:30,1,.00,1,N,244,151,1,19.2,0,0.5,0,0,0.3,20,0
2,2020-05-01 18:27:44,2020-05-01 18:39:50,1,2.23,1,N,107,48,1,10.5,1,0.5,3.7,0,0.3,18.5,2.5
2,2020-05-09 12:36:20,2020-05-09 12:42:24,1,1.43,1,N,113,170,1,7,0,0.5,2.06,0,0.3,12.36,2.5
1,2020-05-16 20:25:56,2020-05-16 20:32:33,1,1.60,1,N,151,75,2,7,0.5,0.5,0,0,0.3,8.3,0
2,2020-05-26 06:13:59,2020-05-26 06:25:24,5,4.34,1,N,74,170,2,13,0,0.5,0,0,0.3,16.3,2.5
1,2020-05-02 13:51:45,2020-05-02 14:20:15,1,7.80,1,N,41,31,2,27.5,0,0.5,0,0,0.3,28.3,0
1,2020-05-02 14:18:47,2020-05-02 14:25:49,0,1.80,1,N,75,237,2,8,2.5,0.5,0,0,0.3,11.3,2.5
1,2020-05-13 17:35:01,2020-05-13 17:43:54,1,1.40,1,N,142,48,2,7.5,3.5,0.5,0,0,0.3,11.8,2.5
,2020-05-15 17:13:00,2020-05-15 17:30:00,,3.36,,,75,42,,11.67,0,0.5,0,0,0.3,12.47,0
1,2020-05-23 18:08:17,2020-05-23 18:15:17,1,2.20,1,N,79,233,1,8.5,2.5,0.5,3.5,0,0.3,15.3,2.5
2,2020-05-01 16:11:45,2020-05-01 16:17:20,1,1.60,1,N,162,100,1,7,1,0.5,1.5,0,0.3,12.8,2.5
,2020-05-12 15:29:00,2020-05-12 16:06:00,,10.39,,,137,235,,27.49,0,0.5,0,0,0.3,30.79,2.5
2,2020-05-13 14:48:17,2020-05-13 14:51:13,4,.91,1,N,236,236,1,5,0,0.5,4.7,0,0.3,13,2.5
1,2020-05-29 23:06:58,2020-05-29 23:14:52,2,2.90,1,N,233,263,1,9.5,3,0.5,2.65,0,0.3,15.95,2.5
2,2020-05-27 16:44:26,2020-05-27 16:50:18,2,1.17,1,N,239,143,2,6.5,1,0.5,0,0,0.3,10.8,2.5
1,2020-05-11 15:56:31,2020-05-11 16:05:50,0,.80,1,N,79,79,2,7.5,3.5,0.5,0,0,0.3,11.8,2.5
2,2020-05-17 18:38:28,2020-05-17 18:44:23,6,1.02,1,N,239,143,1,6.5,0,0.5,2.94,0,0.3,12.74,2.5
1,2020-05-18 17:50:38,2020-05-18 18:00:42,1,.00,1,N,77,39,1,11.2,0,0.5,0,0,0.3,12,0
1,2020-05-25 14:05:46,2020-05-25 14:05:53,1,.00,1,N,234,234,1,2.5,2.5,0.5,6,0,0.3,11.8,2.5
2,2020-05-20 00:22:57,2020-05-20 00:34:59,2,1.90,1,N,181,52,1,10,0.5,0.5,0.7,0,0.3,12,0
1,2020-05-10 18:49:43,2020-05-10 18:57:58,1,1.50,1,N,151,74,2,7.5,0,0.5,0,0,0.3,8.3,0
1,2020-05-20 11:20:17,2020-05-20 11:27:03,1,1.20,1,N,162,140,2,6.5,2.5,0.5,0,0,0.3,9.8,2.5
,2020-05-12 17:34:46,2020-05-12 18:09:47,,25.88,,,137,5,,67.09,0,0.5,0,18.36,0.3,88.75,2.5
1,2020-05-15 06:18:09,2020-05-15 06:24:20,1,1.90,1,N,237,75,1,8,2.5,0.5,2.8,0,0.3,14.1,2.5
2,2020-05-20 14:15:12,2020-05-20 14:21:12,1,1.07,1,N,107,161,2,6,0,0.5,0,0,0.3,9.3,2.5
2,2020-05-21 16:50:37,2020-05-21 17:19:11,1,9.60,1,N,132,72,1,32.5,1,0.5,1,0,0.3,35.3,0
1,2020-05-29 06:36:39,2020-05-29 06:47:34,1,4.30,1,N,263,107,2,14.5,2.5,0.5,0,0,0.3,17.8,2.5
2,2020-05-31 19:27:40,2020-05-31 19:39:38,2,2.21,1,N,45,113,1,10.5,0,0.5,2.07,0,0.3,17.82,2.5
2,2020-05-03 13:43:20,2020-05-03 13:53:28,1,5.12,1,N,263,224,2,16,0,0.5,0,0,0.3,19.3,2.5
2,2020-05-08 13:22:52,2020-05-08 13:29:40,2,2.66,1,N,231,186,2,9,0,0.5,0,0,0.3,12.3,2.5
2,2020-05-28 20:50:27,2020-05-28 21:18:06,1,13.43,1,N,100,182,1,39,0.5,0.5,0,0,0.3,42.8,2.5
1,2020-05-20 19:04:09,2020-05-20 19:07:47,1,1.40,1,N,229,236,1,6,3.5,0.5,3,0,0.3,13.3,2.5
2,2020-05-30 14:31:12,2020-05-30 14:37:48,1,1.73,1,N,163,140,1,7.5,0,0.5,2.7,0,0.3,13.5,2.5
2,2020-05-13 13:14:08,2020-05-13 13:17:02,1,.42,1,N,193,7,3,-4,0,-0.5,0,0,-0.3,-4.8,0
2,2020-05-16 01:58:54,2020-05-16 02:19:28,2,6.18,1,N,234,42,2,20.5,0.5,0.5,0,0,0.3,24.3,2.5
1,2020-05-02 16:56:04,2020-05-02 17:03:18,1,1.30,1,N,48,186,1,7,2.5,0.5,2.05,0,0.3,12.35,2.5
2,2020-05-18 14:30:51,2020-05-18 14:39:55,1,2.21,1,N,75,168,2,9.5,0,0.5,0,0,0.3,10.3,0
1,2020-05-07 14:33:39,2020-05-07 14:39:43,1,1.10,1,N,140,162,1,6,2.5,0.5,2.3,0,0.3,11.6,2.5
2,2020-05-29 16:35:26,2020-05-29 16:44:15,6,2.67,1,N,79,141,2,10,1,0.5,0,0,0.3,14.3,2.5
1,2020-05-06 13:55:19,2020-05-06 13:59:28,1,1.40,1,N,170,141,1,6,2.5,0.5,1.85,0,0.3,11.15,2.5
2,2020-05-22 18:15:51,2020-05-22 18:24:56,1,2.24,1,N,163,137,1,9,1,0.5,2.66,0,0.3,15.96,2.5
1,2020-05-01 10:41:25,2020-05-01 10:44:51,1,1.00,1,N,74,75,1,5,0,0.5,2,0,0.3,7.8,0
2,2020-05-30 13:40:03,2020-05-30 13:44:42,1,.77,1,N,236,262,2,5,0,0.5,0,0,0.3,8.3,2.5
1,2020-05-20 14:41:57,2020-05-20 14:49:53,1,1.10,1,N,79,232,1,7.5,2.5,0.5,2,0,0.3,12.8,2.5
1,2020-05-07 16:41:32,2020-05-07 16:44:58,1,1.20,1,N,75,74,1,5.5,1,0.5,1.45,0,0.3,8.75,0
2,2020-05-17 21:35:00,2020-05-17 21:40:58,1,2.32,1,N,140,137,2,9,0.5,0.5,0,0,0.3,12.8,2.5
2,2020-05-25 19:29:47,2020-05-25 19:34:12,2,1.70,1,N,233,237,1,6.5,1,0.5,2.16,0,0.3,12.96,2.5
2,2020-05-03 15:28:04,2020-05-03 15:34:21,2,2.64,1,N,107,237,2,9,0,0.5,0,0,0.3,12.3,2.5
,2020-05-21 12:59:00,2020-05-21 13:06:00,,1.43,,,51,51,,13,0,0.5,2.75,0,0.3,16.55,0
2,2020-05-01 14:11:53,2020-05-01 14:18:32,1,1.88,1,N,238,166,2,8,0,0.5,0,0,0.3,11.3,2.5
2,2020-05-31 02:16:45,2020-05-31 02:23:19,6,1.48,1,N,230,143,1,7,0.5,0.5,2.16,0,0.3,12.96,2.5
,2020-05-06 06:41:00,2020-05-06 07:20:00,,21.74,,,213,188,,50.89,0,0.5,0,6.12,0.3,57.81,0
,2020-05-16 23:21:03,2020-05-16 23:56:34,,20.07,,,82,265,,55.94,0,0.5,0,11.75,0.3,70.99,2.5
2,2020-05-23 07:33:57,2020-05-23 07:42:42,1,2.56,1,N,151,48,1,10,0,0.5,2,0,0.3,15.3,2.5
2,2020-05-05 09:56:00,2020-05-05 10:02:04,1,1.40,1,N,90,161,1,6,0,0.5,1.86,0,0.3,11.16,2.5
2,2020-05-06 13:00:42,2020-05-06 13:04:41,1,1.02,1,N,186,48,1,5.5,0,0.5,1,0,0.3,9.8,2.5
2,2020-05-08 19:25:55,2020-05-08 19:37:28,1,3.59,1,N,229,74,1,12,1,0.5,2,0,0.3,18.3,2.5
2,2020-05-03 17:47:10,2020-05-03 17:58:23,1,2.58,1,N,162,262,1,10.5,0,0.5,2.76,0,0.3,16.56,2.5
2,2020-05-31 16:17:55,2020-05-31 16:21:58,1,.80,1,N,50,142,1,5,0,0.5,1.66,0,0.3,9.96,2.5
1,2020-05-29 19:27:24,2020-05-29 19:37:43,1,2.10,1,N,263,43,2,10,3.5,0.5,0,0,0.3,14.3,2.5
1,2020-05-16 18:39:22,2020-05-16 18:42:08,1,.50,1,N,74,74,1,4,0,0.5,0,0,0.3,4.8,0
1,2020-05-17 20:48:48,2020-05-17 20:50:56,1,.40,1,N,68,48,3,3.5,2.5,0.5,0,0,0.3,6.8,2.5
2,2020-05-04 10:28:39,2020-05-04 10:44:47,1,3.36,1,N,238,116,1,13.5,0,0.5,5.04,0,0.3,21.84,2.5
2,2020-05-20 09:04:31,2020-05-20 09:06:45,1,.40,1,N,140,140,1,3.5,0,0.5,2.04,0,0.3,8.84,2.5
,2020-05-09 18:33:21,2020-05-09 18:46:04,,6.66,,,82,74,,20.61,0,0.5,0,6.12,0.3,27.53,0
,2020-05-13 07:58:54,2020-05-13 08:18:49,,11.70,,,82,130,,30.57,0,0.5,0,0,0.3,31.37,0
2,2020-05-15 07:58:04,2020-05-15 08:11:17,5,5.75,1,N,142,244,1,18,0,0.5,5.32,0,0.3,26.62,2.5
2,2020-05-27 16:20:42,2020-05-27 16:34:49,1,4.23,1,N,140,42,2,15,1,0.5,0,0,0.3,19.3,2.5
2,2020-05-07 08:29:10,2020-05-07 08:44:07,1,3.95,1,N,45,186,1,14.5,0,0.5,5.34,0,0.3,23.14,2.5
,2020-05-23 23:36:00,2020-05-23 23:50:00,,3.05,,,212,168,,8.4,0,0.5,2.75,0,0.3,11.95,0
2,2020-05-08 12:50:18,2020-05-08 12:53:42,1,1.24,1,N,48,239,1,5.5,0,0.5,1.76,0,0.3,10.56,2.5
2,2020-05-04 21:23:48,2020-05-04 21:27:23,1,.63,1,N,238,151,1,4.5,0.5,0.5,1.74,0,0.3,7.54,0
2,2020-05-21 07:52:54,2020-05-21 08:07:51,1,4.17,1,N,48,261,1,14.5,0,0.5,2,0,0.3,19.8,2.5
1,2020-05-08 13:52:31,2020-05-08 13:52:54,1,.00,1,N,75,75,2,2.5,0,0.5,0,0,0.3,3.3,0
1,2020-05-18 15:53:28,2020-05-18 16:30:06,1,17.30,2,N,90,132,1,52,2.5,0.5,12.28,6.12,0.3,73.7,2.5
1,2020-05-14 11:18:58,2020-05-14 11:22:45,1,.80,1,N,75,75,2,5,0,0.5,0,0,0.3,5.8,0
,2020-05-13 16:22:16,2020-05-13 17:17:48,,32.80,,,76,84,,81.51,0,0.5,2.75,12.24,0.3,97.3,0
,2020-05-11 15:35:00,2020-05-11 16:14:00,,15.72,,,137,39,,41.66,0,0.5,0,6.12,0.3,51.08,2.5
1,2020-05-06 13:49:05,2020-05-06 13:51:18,1,.40,1,Y,234,107,1,4,2.5,0.5,1,0,0.3,8.3,2.5
,2020-05-02 07:46:00,2020-05-02 08:05:00,,13.85,,,137,16,,38.09,0,0.5,0,6.12,0.3,47.51,2.5
2,2020-05-08 08:49:42,2020-05-08 08:52:27,2,.99,1,N,137,79,2,5,0,0.5,0,0,0.3,8.3,2.5
,2020-05-30 14:04:00,2020-05-30 14:13:00,,2.10,,,61,97,,8,0,0.5,2.75,0,0.3,11.55,0
,2020-05-17 16:55:00,2020-05-17 17:29:00,,11.27,,,142,188,,39.06,0,0.5,0,0,0.3,42.36,2.5
1,2020-05-22 07:41:05,2020-05-22 07:44:43,1,.50,1,N,262,237,2,4.5,2.5,0.5,0,0,0.3,7.8,2.5
1,2020-05-31 00:27:36,2020-05-31 00:37:44,1,2.00,1,N,166,42,2,9.5,0.5,0.5,0,0,0.3,10.8,0
2,2020-05-28 19:42:36,2020-05-28 20:09:04,1,26.83,1,N,249,185,2,45,1,0.5,0,0,0.3,49.3,2.5
1,2020-05-16 03:22:59,2020-05-16 03:27:07,1,1.40,1,N,233,141,1,6,3,0.5,1,0,0.3,10.8,2.5
2,2020-05-14 17:47:04,2020-05-14 17:54:29,1,1.46,1,N,238,236,1,7.5,1,0.5,1.5,0,0.3,13.3,2.5
2,2020-05-14 11:28:53,2020-05-14 11:36:27,1,1.67,1,N,239,163,1,8,0,0.5,2.26,0,0.3,13.56,2.5
2,2020-05-30 16:48:41,2020-05-30 17:01:20,6,1.83,1,N,49,188,1,10,0,0.5,0,0,0.3,10.8,0
,2020-05-30 05:57:00,2020-05-30 06:15:00,,5.71,,,37,137,,17.84,0,0.5,0,0,0.3,21.14,2.5
2,2020-05-01 16:20:57,2020-05-01 16:24:12,1,.39,1,N,42,42,2,4,1,0.5,0,0,0.3,5.8,0
2,2020-05-27 15:37:55,2020-05-27 15:54:16,1,3.44,1,N,236,152,1,14,0,0.5,5,0,0.3,22.3,2.5
2,2020-05-11 10:11:49,2020-05-11 10:13:42,2,.52,1,N,137,79,1,4,0,0.5,1.46,0,0.3,8.76,2.5
2,2020-05-31 06:27:47,2020-05-31 06:37:03,2,3.63,1,N,148,48,1,12,0,0.5,2,0,0.3,17.3,2.5
2,2020-05-22 06:36:26,2020-05-22 06:38:24,1,.52,1,N,170,233,1,4,0,0.5,1.46,0,0.3,8.76,2.5
2,2020-05-18 19:45:45,2020-05-18 20:03:44,4,.99,1,N,230,48,1,12,1,0.5,3.26,0,0.3,19.56,2.5
1,2020-05-08 20:14:22,2020-05-08 20:30:58,2,4.10,1,N,43,152,2,15,3,0.5,0,0,0.3,18.8,2.5
2,2020-05-12 09:32:15,2020-05-12 09:40:44,1,1.49,1,N,186,113,2,7,0,0.5,0,0,0.3,10.3,2.5
2,2020-05-10 12:08:45,2020-05-10 12:13:19,2,1.93,1,N,263,233,1,7,0,0.5,3.09,0,0.3,13.39,2.5
,2020-05-29 14:15:00,2020-05-29 15:03:00,,14.27,,,70,89,,64.6,0,0.5,0,0,0.3,65.4,0
2,2020-05-29 08:26:07,2020-05-29 08:35:49,2,7.71,1,N,238,220,1,21.5,0,0.5,5.02,2.8,0.3,30.12,0
2,2020-05-22 11:48:38,2020-05-22 11:52:12,1,.91,1,N,162,164,1,5,0,0.5,1,0,0.3,9.3,2.5
2,2020-05-15 21:51:26,2020-05-15 21:53:20,1,.71,1,N,114,249,1,4,0.5,0.5,1.56,0,0.3,9.36,2.5
2,2020-05-12 21:51:25,2020-05-12 21:53:11,1,.49,1,N,140,262,1,4,0.5,0.5,1.56,0,0.3,9.36,2.5
1,2020-05-01 13:18:34,2020-05-01 13:22:03,1,.90,1,N,249,249,1,5,2.5,0.5,2.45,0,0.3,10.75,2.5
2,2020-05-17 09:59:45,2020-05-17 10:09:00,1,3.41,1,N,137,236,2,11.5,0,0.5,0,0,0.3,14.8,2.5
2,2020-05-28 15:53:58,2020-05-28 16:08:46,1,4.74,1,N,41,243,2,17,0,0.5,0,0,0.3,17.8,0
,2020-05-06 08:12:00,2020-05-06 08:24:00,,5.95,,,170,82,,19.91,0,0.5,0,6.12,0.3,29.33,2.5
1,2020-05-29 20:13:30,2020-05-29 20:26:31,1,2.20,1,N,263,151,1,11,3,0.5,2.5,0,0.3,17.3,2.5
2,2020-05-24 13:22:41,2020-05-24 13:37:11,1,2.41,1,N,142,263,2,12,0,0.5,0,0,0.3,15.3,2.5
1,2020-05-12 18:10:56,2020-05-12 18:14:26,1,.70,1,N,239,238,1,4.5,3.5,0.5,2.2,0,0.3,11,2.5
2,2020-05-18 14:21:58,2020-05-18 14:26:20,1,.83,1,N,234,90,1,5,0,0.5,2.49,0,0.3,10.79,2.5
2,2020-05-01 20:34:39,2020-05-01 20:37:53,2,.54,1,N,152,152,1,4.5,0.5,0.5,1.16,0,0.3,6.96,0
,2020-05-18 23:07:29,2020-05-18 23:14:27,,1.65,,,230,137,,8.44,0,0.5,0,0,0.3,11.74,2.5
2,2020-05-06 12:16:38,2020-05-06 12:28:32,5,2.40,1,N,140,75,2,10,0,0.5,0,0,0.3,13.3,2.5
2,2020-05-06 12:30:17,2020-05-06 12:38:15,1,1.58,1,N,263,238,2,8,0,0.5,0,0,0.3,11.3,2.5
,2020-05-26 23:20:42,2020-05-26 23:53:18,,17.61,,,89,168,,36.85,0,0.5,2.75,6.12,0.3,46.52,0
1,2020-05-22 11:38:20,2020-05-22 11:44:48,1,1.10,1,N,142,238,1,6.5,2.5,0.5,2.45,0,0.3,12.25,2.5
,2020-05-08 15:51:00,2020-05-08 16:21:00,,8.86,,,41,232,,26.88,0,0.5,0,0,0.3,30.18,2.5
2,2020-05-22 01:44:46,2020-05-22 02:09:46,1,7.60,1,N,163,82,2,25,0.5,0.5,0,0,0.3,28.8,2.5
,2020-05-07 17:04:00,2020-05-07 17:20:00,,3.51,,,188,76,,13.58,0,0.5,0,0,0.3,14.38,0
,2020-05-15 16:47:50,2020-05-15 17:18:51,,12.77,,,137,265,,35.06,0,0.5,0,13.75,0.3,52.11,2.5
2,2020-05-09 19:39:23,2020-05-09 20:10:18,1,22.29,2,N,132,74,2,52,0,0.5,0,6.12,0.3,58.92,0
2,2020-05-17 08:42:06,2020-05-17 08:51:14,1,1.93,1,N,74,42,2,9,0,0.5,0,0,0.3,9.8,0
1,2020-05-08 10:08:43,2020-05-08 10:13:38,1,.60,1,N,162,230,1,5,2.5,0.5,1.65,0,0.3,9.95,2.5
2,2020-05-05 10:11:53,2020-05-05 10:20:28,1,1.39,1,N,163,142,2,7.5,0,0.5,0,0,0.3,10.8,2.5
2,2020-05-06 14:21:42,2020-05-06 14:43:05,1,3.90,1,N,168,151,1,16,0,0.5,0,0,0.3,18.75,0
1,2020-05-21 17:28:08,2020-05-21 17:43:45,2,3.30,1,N,234,262,1,13.5,3.5,0.5,3.55,0,0.3,21.35,2.5
,2020-05-01 14:50:08,2020-05-01 14:56:57,,.91,,,56,82,,8,0,0.5,2.75,0,0.3,11.55,0
2,2020-05-22 15:15:02,2020-05-22 15:25:23,1,1.45,1,N,75,41,1,8.5,0,0.5,1.86,0,0.3,11.16,0
1,2020-05-20 20:35:53,2020-05-20 20:39:20,1,.40,1,N,236,236,2,4.5,3,0.5,0,0,0.3,8.3,2.5
2,2020-05-20 16:56:43,2020-05-20 17:05:53,1,2.07,1,N,137,114,1,9,1,0.5,2.66,0,0.3,15.96,2.5
1,2020-05-23 09:56:46,2020-05-23 10:00:31,1,.90,1,N,79,144,2,5.5,2.5,0.5,0,0,0.3,8.8,2.5
2,2020-05-24 20:38:55,2020-05-24 20:51:42,2,3.75,1,N,234,263,1,13.5,0.5,0.5,4.32,0,0.3,21.62,2.5
2,2020-05-30 12:11:08,2020-05-30 12:20:44,1,2.69,1,N,141,107,1,10,0,0.5,1.33,0,0.3,14.63,2.5
2,2020-05-13 11:07:08,2020-05-13 11:09:08,5,.88,1,N,74,75,2,4.5,0,0.5,0,0,0.3,5.3,0
2,2020-05-03 15:25:41,2020-05-03 15:30:27,1,.61,1,N,141,237,1,5,0,0.5,1,0,0.3,9.3,2.5
2,2020-05-28 10:32:24,2020-05-28 14:05:32,1,39.72,1,N,162,162,1,159,0,0.5,33.68,6.12,0.3,202.1,2.5
2,2020-05-04 12:18:14,2020-05-04 12:26:36,4,1.47,1,N,90,246,1,8,0,0.5,3.39,0,0.3,14.69,2.5
1,2020-05-28 08:49:46,2020-05-28 09:15:36,1,.00,1,N,212,107,1,28.2,0,0.5,0,0,0.3,29,0
2,2020-05-06 19:23:29,2020-05-06 20:11:20,2,22.58,1,N,186,108,2,62.5,1,0.5,0,6.12,0.3,72.92,2.5
1,2020-05-17 16:45:33,2020-05-17 16:49:13,2,.70,1,N,48,48,1,5,2.5,0.5,2,0,0.3,10.3,2.5
2,2020-05-08 11:24:09,2020-05-08 11:41:07,1,11.75,1,N,132,138,1,32,0,0.5,3,0,0.3,35.8,0
,2020-05-01 15:11:00,2020-05-01 15:47:00,,16.68,,,137,265,,46.5,0,0.5,0,11.75,0.3,61.55,2.5
2,2020-05-19 10:22:48,2020-05-19 10:26:03,1,.62,1,N,151,238,1,4.5,0,0.5,0.2,0,0.3,8,2.5
2,2020-05-22 13:59:46,2020-05-22 14:03:02,1,.59,1,N,41,42,1,4.5,0,0.5,2,0,0.3,7.3,0
2,2020-05-10 13:42:17,2020-05-10 13:50:44,2,2.07,1,N,151,75,2,9,0,0.5,0,0,0.3,9.8,0
2,2020-05-22 16:04:47,2020-05-22 16:08:31,1,.59,1,N,236,262,1,4.5,0,0.5,1,0,0.3,8.8,2.5
1,2020-05-23 18:38:36,2020-05-23 18:43:05,1,1.50,1,N,90,230,1,6.5,2.5,0.5,1.2,0,0.3,11,2.5
1,2020-05-15 17:29:24,2020-05-15 17:34:10,0,1.60,1,N,162,262,1,6.5,3.5,0.5,3.2,0,0.3,14,2.5
1,2020-05-15 15:35:30,2020-05-15 15:41:04,1,1.60,1,N,48,249,2,7,2.5,0.5,0,0,0.3,10.3,2.5
1,2020-05-29 18:35:05,2020-05-29 18:38:24,1,.90,1,N,140,263,1,5,3.5,0.5,2.75,0,0.3,12.05,2.5
2,2020-05-10 19:44:45,2020-05-10 19:50:24,1,1.39,1,N,161,141,1,6.5,0,0.5,0.98,0,0.3,10.78,2.5
2,2020-05-30 12:26:20,2020-05-30 12:32:25,1,1.46,1,N,48,249,2,7,0,0.5,0,0,0.3,10.3,2.5
2,2020-05-21 09:24:05,2020-05-21 09:26:14,1,.31,1,N,143,143,1,3.5,0,0.5,3.2,0,0.3,10,2.5
2,2020-05-23 13:16:50,2020-05-23 13:29:25,1,2.56,1,N,238,116,2,11.5,0,0.5,0,0,0.3,12.3,0
1,2020-05-15 02:07:50,2020-05-15 02:14:27,1,1.30,1,N,168,42,2,7,0.5,0.5,0,0,0.3,8.3,0
2,2020-05-21 15:18:46,2020-05-21 15:29:17,6,2.18,1,N,43,164,1,10,0,0.5,3.32,0,0.3,16.62,2.5
2,2020-05-11 13:38:39,2020-05-11 13:45:08,1,1.27,1,N,236,141,1,6.5,0,0.5,2,0,0.3,11.8,2.5
,2020-05-20 04:41:00,2020-05-20 05:03:00,,12.87,,,37,108,,38.98,0,0.5,0,0,0.3,39.78,0
1,2020-05-01 17:10:55,2020-05-01 17:26:06,1,7.90,1,N,263,261,1,23,3.5,0.5,8.15,0,0.3,35.45,2.5
1,2020-05-21 16:44:15,2020-05-21 17:06:06,1,7.60,1,N,7,244,2,24.5,1,0.5,0,6.12,0.3,32.42,0
1,2020-05-11 20:34:13,2020-05-11 20:36:12,1,.40,1,N,100,48,2,3.5,3,0.5,0,0,0.3,7.3,2.5
1,2020-05-04 08:20:48,2020-05-04 08:32:48,1,2.60,1,N,238,161,2,11,2.5,0.5,0,0,0.3,14.3,2.5
2,2020-05-24 16:41:40,2020-05-24 17:00:47,1,4.27,1,N,75,186,2,16,0,0.5,0,0,0.3,19.3,2.5
2,2020-05-31 13:54:28,2020-05-31 14:03:42,2,2.25,1,N,141,137,2,9,0,0.5,0,0,0.3,12.3,2.5
1,2020-05-10 20:31:35,2020-05-10 20:46:02,1,4.50,1,N,141,249,1,15,3,0.5,3.76,0,0.3,22.56,2.5
1,2020-05-13 22:13:48,2020-05-13 22:20:10,1,1.30,1,N,137,107,1,7,3,0.5,2.16,0,0.3,12.96,2.5
,2020-05-14 05:54:00,2020-05-14 05:55:00,,.03,,,64,64,,25.59,0,0.5,0,0,0.3,26.39,0
2,2020-05-28 17:16:41,2020-05-28 17:20:03,1,.76,1,N,75,151,2,5,1,0.5,0,0,0.3,6.8,0
1,2020-05-21 11:57:58,2020-05-21 12:03:04,1,1.00,1,N,141,236,1,5.5,2.5,0.5,1.75,0,0.3,10.55,2.5
1,2020-05-19 11:44:22,2020-05-19 11:59:39,1,4.00,1,N,234,256,1,14.5,2.5,0.5,4.45,0,0.3,22.25,2.5
1,2020-05-01 18:11:11,2020-05-01 18:12:08,1,.60,1,N,238,238,2,2.5,1,0.5,0,0,0.3,4.3,0
1,2020-05-01 12:11:13,2020-05-01 12:13:56,1,.90,1,N,100,90,1,4.5,2.5,0.5,2,0,0.3,9.8,2.5
1,2020-05-15 08:43:08,2020-05-15 08:51:54,1,1.90,1,N,107,100,1,8.5,2.5,0.5,1.5,0,0.3,13.3,2.5
2,2020-05-09 12:04:35,2020-05-09 12:08:47,1,.71,1,N,262,140,1,5,0,0.5,1.66,0,0.3,9.96,2.5
1,2020-05-09 11:34:31,2020-05-09 11:41:26,1,1.10,1,N,79,4,1,6.5,2.5,0.5,1.95,0,0.3,11.75,2.5
1,2020-05-08 18:11:04,2020-05-08 18:18:18,1,1.60,1,N,234,148,1,7.5,3.5,0.5,2.35,0,0.3,14.15,2.5
1,2020-05-18 09:20:28,2020-05-18 09:26:34,1,.70,1,N,79,249,1,6,2.5,0.5,1.85,0,0.3,11.15,2.5
,2020-05-21 04:29:12,2020-05-21 04:41:01,,3.00,,,261,34,,13.89,0,0.5,0,0,0.3,14.69,0
2,2020-05-07 18:31:34,2020-05-07 18:41:43,4,4.11,1,N,233,74,2,12.5,1,0.5,0,0,0.3,16.8,2.5
2,2020-05-21 11:54:01,2020-05-21 11:59:57,1,1.41,1,N,137,79,1,6.5,0,0.5,1,0,0.3,10.8,2.5
1,2020-05-27 13:24:15,2020-05-27 13:32:09,1,1.60,1,N,236,233,2,8,2.5,0.5,0,0,0.3,11.3,2.5
2,2020-05-06 13:24:23,2020-05-06 13:34:46,6,2.38,1,N,90,107,2,10,0,0.5,0,0,0.3,13.3,2.5
,2020-05-04 07:30:00,2020-05-04 07:46:00,,4.27,,,152,194,,28.85,0,0.5,2.75,6.12,0.3,38.52,0
2,2020-05-22 17:48:23,2020-05-22 17:51:40,1,.66,1,N,238,239,1,4.5,1,0.5,2.64,0,0.3,11.44,2.5
2,2020-05-30 13:34:36,2020-05-30 13:41:56,3,2.34,1,N,234,163,1,9,0,0.5,1.84,0,0.3,14.14,2.5
2,2020-05-28 20:44:27,2020-05-28 21:01:26,1,3.15,1,N,244,75,1,13.5,0.5,0.5,0,0,0.3,14.8,0
1,2020-05-25 01:06:57,2020-05-25 01:10:53,2,1.70,1,N,263,229,1,6.5,3,0.5,2.55,0,0.3,12.85,2.5
,2020-05-19 04:05:00,2020-05-19 04:33:00,,18.20,,,61,127,,51.24,0,0.5,0,6.12,0.3,58.16,0
1,2020-05-23 12:09:40,2020-05-23 12:16:52,1,1.30,1,N,236,75,1,7,2.5,0.5,5,0,0.3,15.3,2.5
2,2020-05-07 16:58:02,2020-05-07 17:29:58,1,12.83,1,N,242,50,2,38,1,0.5,0,0,0.3,42.3,2.5
2,2020-05-15 13:14:22,2020-05-15 13:26:44,5,2.86,1,N,50,107,2,11,0,0.5,0,0,0.3,14.3,2.5
,2020-05-10 11:31:11,2020-05-10 12:07:48,,9.22,,,100,35,,34.66,0,0.5,2.75,0,0.3,40.16,0
1,2020-05-26 13:57:18,2020-05-26 14:01:22,1,.50,1,N,140,237,1,4.5,2.5,0.5,1.55,0,0.3,9.35,2.5
,2020-05-08 10:01:00,2020-05-08 10:13:00,,2.17,,,76,35,,10.08,0,0.5,2.75,0,0.3,13.63,0
2,2020-05-20 20:37:23,2020-05-20 20:42:42,1,1.41,1,N,186,161,2,6,0.5,0.5,0,0,0.3,9.8,2.5
2,2020-05-26 07:42:58,2020-05-26 07:47:25,1,.88,1,N,236,75,2,5,0,0.5,0,0,0.3,8.3,2.5
1,2020-05-30 13:13:10,2020-05-30 13:16:02,1,.80,1,N,48,68,1,4.5,2.5,0.5,1.56,0,0.3,9.36,2.5
2,2020-05-22 16:14:45,2020-05-22 16:47:48,1,10.32,1,N,229,258,1,32.5,1,0.5,0,0,0.3,36.8,2.5
2,2020-05-22 13:47:05,2020-05-22 13:48:21,1,.59,1,N,43,43,1,3.5,0,0.5,1.7,0,0.3,8.5,2.5
2,2020-05-17 00:50:20,2020-05-17 01:00:33,1,2.81,1,N,107,230,2,10.5,0.5,0.5,0,0,0.3,14.3,2.5
,2020-05-14 06:49:00,2020-05-14 07:05:00,,8.49,,,42,82,,24.07,0,0.5,0,6.12,0.3,30.99,0
1,2020-05-01 23:57:39,2020-05-02 00:06:26,2,1.60,1,N,68,137,2,8.5,3,0.5,0,0,0.3,12.3,2.5
2,2020-05-04 08:24:56,2020-05-04 08:28:16,1,.57,1,N,137,170,1,4.5,0,0.5,2.34,0,0.3,10.14,2.5
,2020-05-30 23:17:00,2020-05-30 23:58:00,,10.04,,,137,60,,26.78,0,0.5,0,0,0.3,30.08,2.5
2,2020-05-07 15:03:56,2020-05-07 15:07:06,1,1.21,1,N,237,236,2,5,0,0.5,0,0,0.3,8.3,2.5
,2020-05-29 22:30:00,2020-05-29 22:59:00,,16.35,,,130,254,,32.84,0,0.5,2.75,12.24,0.3,48.63,0
,2020-05-23 23:08:00,2020-05-23 23:22:00,,5.37,,,137,83,,16.16,0,0.5,0,6.12,0.3,25.58,2.5
2,2020-05-14 16:26:40,2020-05-14 16:33:27,1,2.21,1,N,137,140,2,8,1,0.5,0,0,0.3,12.3,2.5
2,2020-05-15 18:11:59,2020-05-15 18:24:00,1,5.11,1,N,233,157,1,16,1,0.5,2.64,6.12,0.3,31.01,2.5
2,2020-05-31 11:05:41,2020-05-31 11:12:33,1,1.36,1,N,230,142,1,7,0,0.5,1.8,0,0.3,12.1,2.5
2,2020-05-27 10:34:55,2020-05-27 10:39:21,3,.60,1,N,152,152,2,4.5,0,0.5,0,0,0.3,5.3,0
1,2020-05-12 01:26:54,2020-05-12 01:32:42,1,1.50,1,N,235,94,2,7,0.5,0.5,0,0,0.3,8.3,0
1,2020-05-19 11:30:33,2020-05-19 11:41:44,1,1.60,1,N,68,137,2,9,2.5,0.5,0,0,0.3,12.3,2.5
2,2020-05-20 14:17:16,2020-05-20 14:27:23,1,2.22,1,N,137,48,1,9.5,0,0.5,2.56,0,0.3,15.36,2.5
2,2020-05-04 14:41:38,2020-05-04 14:51:25,1,1.63,1,N,137,4,2,8.5,0,0.5,0,0,0.3,11.8,2.5
,2020-05-01 17:51:01,2020-05-01 18:02:33,,3.10,,,100,239,,11.5,1,0.5,2.37,0,0.3,18.17,2.5
2,2020-05-29 21:24:22,2020-05-29 21:52:51,1,6.56,1,N,234,83,1,24,0.5,0.5,3,0,0.3,30.8,2.5
2,2020-05-20 19:20:55,2020-05-20 19:25:54,5,.74,1,N,41,41,1,5.5,1,0.5,0,0,0.3,7.3,0
,2020-05-31 03:49:00,2020-05-31 04:09:00,,12.14,,,213,137,,33.49,0,0.5,0,0,0.3,34.29,0
2,2020-05-12 18:42:42,2020-05-12 18:53:18,1,1.57,1,N,107,100,2,8.5,1,0.5,0,0,0.3,12.8,2.5
1,2020-05-03 07:50:06,2020-05-03 08:07:09,1,7.90,1,N,140,244,1,24.5,2.5,0.5,3,0,0.3,30.8,2.5
2,2020-05-03 07:01:19,2020-05-03 07:06:16,1,1.33,1,N,162,237,1,6.5,0,0.5,0,0,0.3,9.8,2.5
1,2020-05-05 10:06:35,2020-05-05 10:11:19,1,1.50,1,N,229,107,1,6.5,2.5,0.5,2.45,0,0.3,12.25,2.5
2,2020-05-28 21:06:22,2020-05-28 21:23:10,1,3.18,1,N,68,68,1,14,0.5,0.5,3.56,0,0.3,21.36,2.5
2,2020-05-27 11:34:41,2020-05-27 11:45:43,2,1.78,1,N,43,239,2,9.5,0,0.5,0,0,0.3,12.8,2.5
,2020-05-28 04:41:00,2020-05-28 05:14:00,,24.16,,,238,23,,74.9,0,0.5,0,23.5,0.3,99.2,0
2,2020-05-29 15:57:28,2020-05-29 16:02:54,1,.72,1,N,234,90,1,5.5,0,0.5,1.76,0,0.3,10.56,2.5
2,2020-05-26 16:35:08,2020-05-26 17:04:50,1,10.46,1,N,137,189,1,32,1,0.5,4,6.12,0.3,46.42,2.5
1,2020-05-16 16:14:57,2020-05-16 16:17:04,1,.40,1,N,142,48,1,3.5,2.5,0.5,2,0,0.3,8.8,2.5
,2020-05-14 23:57:00,2020-05-15 00:19:00,,5.57,,,82,141,,25.86,0,0.5,0,0,0.3,29.16,2.5
,2020-05-13 11:10:00,2020-05-13 11:20:00,,2.04,,,167,159,,7.65,0,0.5,0,0,0.3,8.45,0
2,2020-05-22 11:03:12,2020-05-22 11:05:06,1,.51,1,N,68,90,2,3.5,0,0.5,0,0,0.3,6.8,2.5
1,2020-05-23 09:30:58,2020-05-23 09:36:18,1,1.40,1,N,142,239,1,6.5,2.5,0.5,2.45,0,0.3,12.25,2.5
2,2020-05-09 06:29:12,2020-05-09 06:42:35,1,3.13,1,N,244,74,1,12.5,0,0.5,3.99,0,0.3,17.29,0
1,2020-05-27 15:34:30,2020-05-27 15:41:25,1,2.00,1,N,161,249,1,8.5,2.5,0.5,2.95,0,0.3,14.75,2.5
,2020-05-15 09:20:45,2020-05-15 09:30:02,,1.84,,,230,137,,8.58,0,0.5,0,0,0.3,11.88,2.5
1,2020-05-26 10:12:40,2020-05-26 10:23:32,1,1.60,1,N,237,143,2,9,2.5,0.5,0,0,0.3,12.3,2.5
2,2020-05-04 12:52:52,2020-05-04 13:00:07,1,2.10,1,N,141,75,2,8,0,0.5,0,0,0.3,11.3,2.5
2,2020-05-07 11:04:28,2020-05-07 11:09:06,1,1.01,1,N,238,236,2,6,0,0.5,0,0,0.3,9.3,2.5
,2020-05-11 20:58:45,2020-05-11 21:22:57,,12.73,,,7,63,,26.8,0,0.5,2.75,0,0.3,30.35,0
1,2020-05-22 12:19:37,2020-05-22 12:26:18,1,1.50,1,N,238,236,2,7.5,2.5,0.5,0,0,0.3,10.8,2.5
2,2020-05-29 17:43:57,2020-05-29 17:48:41,1,1.37,1,N,237,162,1,6.5,1,0.5,0,0,0.3,10.8,2.5
2,2020-05-02 16:24:59,2020-05-02 16:34:29,1,2.28,1,N,238,262,1,9.5,0,0.5,7,0,0.3,19.8,2.5
2,2020-05-24 16:22:09,2020-05-24 16:26:58,1,1.43,1,N,170,237,1,6.5,0,0.5,1.96,0,0.3,11.76,2.5
1,2020-05-27 12:48:46,2020-05-27 12:52:56,1,.50,1,N,229,140,1,4.5,2.5,0.5,1.95,0,0.3,9.75,2.5
2,2020-05-05 11:46:28,2020-05-05 11:54:47,2,2.00,1,N,164,142,1,9,0,0.5,3.08,0,0.3,15.38,2.5
,2020-05-19 19:21:00,2020-05-19 19:51:00,,6.71,,,188,65,,14.03,0,0.5,0,0,0.3,14.83,0
,2020-05-29 15:45:00,2020-05-29 15:56:00,,2.99,,,137,236,,25.7,0,0.5,0,0,0.3,29,2.5
1,2020-05-25 01:15:17,2020-05-25 01:17:07,1,.70,1,Y,262,75,2,4,3,0.5,0,0,0.3,7.8,2.5
1,2020-05-06 15:47:32,2020-05-06 15:54:24,1,2.20,1,N,151,48,2,8.5,2.5,0.5,0,0,0.3,11.8,2.5
1,2020-05-30 10:27:07,2020-05-30 10:31:50,1,1.10,1,N,90,170,3,5.5,2.5,0.5,0,0,0.3,8.8,2.5
1,2020-05-28 19:32:14,2020-05-28 19:42:05,1,2.20,1,N,43,42,1,10,1,0.5,0,0,0.3,11.8,0
2,2020-05-12 06:35:15,2020-05-12 06:41:29,1,1.13,1,N,186,170,2,6.5,0,0.5,0,0,0.3,9.8,2.5
,2020-05-04 17:18:00,2020-05-04 17:59:00,,2.55,,,247,168,,8,0,0.5,2.75,0,0.3,11.55,0
1,2020-05-24 10:34:13,2020-05-24 10:49:25,1,4.30,1,N,114,237,1,15,2.5,0.5,3.65,0,0.3,21.95,2.5
2,2020-05-28 13:49:05,2020-05-28 13:56:12,2,1.01,1,N,107,170,1,7,0,0.5,2.06,0,0.3,12.36,2.5
2,2020-05-26 07:26:24,2020-05-26 07:31:50,2,1.36,1,N,41,238,1,6.5,0,0.5,2.19,0,0.3,11.44,0
2,2020-05-21 10:33:08,2020-05-21 10:35:53,1,.81,1,N,234,100,1,4.5,0,0.5,1.56,0,0.3,9.36,2.5
2,2020-05-20 17:01:09,2020-05-20 17:06:48,1,1.46,1,N,140,263,1,6.5,1,0.5,2,0,0.3,12.8,2.5
2,2020-05-31 02:34:18,2020-05-31 03:00:48,1,6.04,1,N,144,198,2,22,0.5,0.5,0,0,0.3,25.8,2.5
1,2020-05-15 22:22:10,2020-05-15 22:41:23,1,5.60,1,N,24,169,2,20,0.5,0.5,0,0,0.3,21.3,0
2,2020-05-29 17:09:37,2020-05-29 17:17:14,1,1.32,1,N,75,238,1,7.5,1,0.5,2.95,0,0.3,14.75,2.5
2,2020-05-28 21:10:20,2020-05-28 21:38:41,1,16.89,1,N,132,149,2,46,0.5,0.5,0,0,0.3,47.3,0
2,2020-05-24 13:19:47,2020-05-24 13:29:05,1,2.05,1,N,43,75,2,9.5,0,0.5,0,0,0.3,12.8,2.5
2,2020-05-05 14:07:36,2020-05-05 14:14:41,1,2.08,1,N,263,41,2,8.5,0,0.5,0,0,0.3,11.8,2.5
2,2020-05-22 08:07:32,2020-05-22 08:19:10,1,2.23,1,N,43,43,2,10.5,0,0.5,0,0,0.3,13.8,2.5
1,2020-05-29 17:44:09,2020-05-29 18:09:58,1,5.70,1,N,141,90,2,22,3.5,0.5,0,0,0.3,26.3,2.5
2,2020-05-19 16:17:18,2020-05-19 16:22:31,1,1.13,1,N,43,143,1,6,1,0.5,3.09,0,0.3,13.39,2.5
,2020-05-10 17:35:51,2020-05-10 18:07:07,,16.22,,,169,191,,37.7,0,0.5,2.75,6.12,0.3,47.37,0
2,2020-05-21 17:19:43,2020-05-21 17:36:46,1,3.74,1,N,41,141,1,15,1,0.5,4.82,0,0.3,24.12,2.5
1,2020-05-25 03:07:42,2020-05-25 03:12:40,2,1.90,1,N,141,137,1,7.5,3,0.5,2.25,0,0.3,13.55,2.5
1,2020-05-18 17:23:20,2020-05-18 17:35:09,1,5.80,1,N,87,170,1,18,3.5,0.5,5,0,0.3,27.3,2.5
1,2020-05-14 14:21:12,2020-05-14 14:28:27,1,1.30,1,N,74,43,2,7,0,0.5,0,0,0.3,7.8,0
1,2020-05-02 08:01:35,2020-05-02 08:10:11,1,2.90,1,N,100,151,2,11,2.5,0.5,0,0,0.3,14.3,2.5
1,2020-05-16 09:35:26,2020-05-16 09:52:23,1,6.40,1,N,263,211,1,21,2.5,0.5,6.05,0,0.3,30.35,2.5
2,2020-05-22 07:08:37,2020-05-22 07:11:51,1,.83,1,N,75,74,2,4.5,0,0.5,0,0,0.3,5.3,0
2,2020-05-14 10:18:55,2020-05-14 10:30:59,1,2.52,1,N,186,237,1,11,0,0.5,4.29,0,0.3,18.59,2.5
1,2020-05-15 09:04:01,2020-05-15 09:08:59,1,1.00,1,N,141,229,2,5.5,2.5,0.5,0,0,0.3,8.8,2.5
2,2020-05-15 22:44:15,2020-05-15 22:45:45,1,.60,1,N,236,75,2,4,0.5,0.5,0,0,0.3,7.8,2.5
2,2020-05-26 14:13:54,2020-05-26 14:16:40,1,.81,1,N,230,163,2,4.5,0,0.5,0,0,0.3,7.8,2.5
1,2020-05-21 13:05:22,2020-05-21 13:50:51,1,.00,1,N,179,117,1,46.2,0,0.5,0,2.29,0.3,49.29,0
1,2020-05-06 19:20:55,2020-05-06 19:26:19,0,.70,1,N,230,50,2,5.5,3.5,0.5,0,0,0.3,9.8,2.5
1,2020-05-31 23:07:54,2020-05-31 23:15:21,0,1.30,1,N,186,137,1,7,3,0.5,2.15,0,0.3,12.95,2.5
2,2020-05-31 00:22:08,2020-05-31 00:26:24,1,.78,1,N,42,41,2,5,0.5,0.5,0,0,0.3,6.3,0
2,2020-05-05 06:17:14,2020-05-05 06:23:35,1,1.97,1,N,75,140,2,8,0,0.5,0,0,0.3,11.3,2.5
,2020-05-24 04:32:00,2020-05-24 04:56:47,,12.66,,,68,28,,39.93,0,0.5,0,6.12,0.3,46.85,0
1,2020-05-21 05:19:10,2020-05-21 05:26:27,2,1.60,1,N,142,140,1,7.5,3,0.5,2.25,0,0.3,13.55,2.5
,2020-05-29 16:59:43,2020-05-29 17:04:39,,.80,,,162,229,,5.5,1,0.5,1.47,0,0.3,11.27,2.5
,2020-05-08 23:23:00,2020-05-08 23:50:00,,13.78,,,82,85,,37.1,0,0.5,0,0,0.3,37.9,0
1,2020-05-09 13:38:33,2020-05-09 13:53:13,1,1.80,1,N,41,116,2,11,0,0.5,0,0,0.3,11.8,0
1,2020-05-11 00:22:46,2020-05-11 00:34:48,1,4.20,1,N,170,74,2,13.5,3,0.5,0,0,0.3,17.3,2.5
2,2020-05-13 12:25:02,2020-05-13 12:46:46,5,9.16,1,N,148,42,2,28,0,0.5,0,0,0.3,31.3,2.5
2,2020-05-16 19:09:47,2020-05-16 19:22:26,1,.97,1,N,142,48,1,9,0,0.5,2.46,0,0.3,14.76,2.5
1,2020-05-06 16:43:18,2020-05-06 16:49:34,0,.90,1,N,48,161,1,6,3.5,0.5,3.05,0,0.3,13.35,2.5
1,2020-05-07 07:33:46,2020-05-07 07:37:03,1,.70,1,N,236,75,2,4.5,2.5,0.5,0,0,0.3,7.8,2.5
1,2020-05-07 12:08:49,2020-05-07 12:15:38,2,1.10,1,N,162,50,2,6.5,2.5,0.5,0,0,0.3,9.8,2.5
2,2020-05-21 20:59:24,2020-05-21 21:12:23,1,3.19,1,N,75,143,1,12.5,0.5,0.5,1.63,0,0.3,17.93,2.5
2,2020-05-21 18:53:08,2020-05-21 19:06:26,5,4.12,1,N,163,74,1,14,1,0.5,2,0,0.3,20.3,2.5
2,2020-05-12 18:02:14,2020-05-12 18:03:56,2,.37,1,N,43,239,1,3.5,1,0.5,1,0,0.3,8.8,2.5
2,2020-05-23 15:56:43,2020-05-23 16:02:08,3,1.05,1,N,234,246,1,6,0,0.5,0,0,0.3,9.3,2.5
1,2020-05-25 14:06:24,2020-05-25 14:37:30,1,.00,1,N,38,61,1,34.2,0,0.5,0,0,0.3,35,0
2,2020-05-15 13:54:57,2020-05-15 14:01:30,1,1.30,1,N,163,229,2,7,0,0.5,0,0,0.3,10.3,2.5
2,2020-05-14 10:52:26,2020-05-14 11:04:37,1,4.41,1,N,87,107,1,15.5,0,0.5,1,0,0.3,19.8,2.5
1,2020-05-15 19:28:45,2020-05-15 19:45:26,2,3.80,1,N,237,41,1,14.5,3.5,0.5,4.7,0,0.3,23.5,2.5
1,2020-05-08 15:31:31,2020-05-08 15:33:55,0,1.00,1,N,75,263,1,4.5,2.5,0.5,1.55,0,0.3,9.35,2.5
1,2020-05-10 21:24:19,2020-05-10 21:35:50,1,2.30,1,N,229,137,1,10.5,3,0.5,2.85,0,0.3,17.15,2.5
,2020-05-24 20:45:00,2020-05-24 21:04:00,,5.63,,,43,7,,13.73,0,0.5,2.75,6.12,0.3,23.4,0
1,2020-05-09 15:21:34,2020-05-09 15:31:35,1,2.10,1,N,41,42,2,9.5,0,0.5,0,0,0.3,10.3,0
1,2020-05-05 12:14:36,2020-05-05 12:19:21,1,1.00,1,N,229,161,1,5.5,2.5,0.5,2.2,0,0.3,11,2.5
2,2020-05-30 13:07:17,2020-05-30 13:13:43,1,2.01,1,N,90,163,1,8,0,0.5,3.39,0,0.3,14.69,2.5
1,2020-05-06 02:03:49,2020-05-06 02:27:37,1,7.10,1,N,186,225,1,24,3,0.5,2.2,0,0.3,30,2.5
2,2020-05-04 14:25:07,2020-05-04 14:28:53,1,.45,1,N,75,75,2,4.5,0,0.5,0,0,0.3,5.3,0
1,2020-05-19 23:28:26,2020-05-19 23:40:51,1,3.90,1,N,74,126,2,14,0.5,0.5,0,0,0.3,15.3,0
,2020-05-12 05:19:27,2020-05-12 05:47:41,,17.96,,,215,165,,56.5,0,0.5,0,0,0.3,57.3,0
2,2020-05-28 11:02:57,2020-05-28 11:05:21,1,.97,1,N,263,141,1,4.5,0,0.5,2.34,0,0.3,10.14,2.5
1,2020-05-07 08:01:38,2020-05-07 08:08:07,0,1.70,1,N,186,161,1,7.5,2.5,0.5,0,0,0.3,10.8,2.5
1,2020-05-19 04:05:30,2020-05-19 04:05:30,1,.00,1,Y,79,264,2,19.5,3,0.5,0,0,0.3,23.3,2.5
2,2020-05-13 14:10:32,2020-05-13 14:27:00,3,1.87,1,N,247,168,2,12,0,0.5,0,0,0.3,12.8,0
1,2020-05-28 16:41:01,2020-05-28 16:50:11,1,2.80,1,N,107,236,1,10,3.5,0.5,1,0,0.3,15.3,2.5
2,2020-05-29 12:38:14,2020-05-29 12:59:16,2,4.76,1,N,141,68,2,18.5,0,0.5,0,0,0.3,21.8,2.5
,2020-05-14 06:47:00,2020-05-14 07:02:00,,6.31,,,230,74,,19.57,0,0.5,0,0,0.3,22.87,2.5
2,2020-05-04 16:22:39,2020-05-04 16:37:04,1,6.89,1,N,87,263,1,20.5,1,0.5,2.48,0,0.3,27.28,2.5
2,2020-05-28 06:54:32,2020-05-28 06:57:01,1,.68,1,N,100,48,1,4.5,0,0.5,1,0,0.3,8.8,2.5
2,2020-05-15 10:14:55,2020-05-15 10:27:11,1,1.59,1,N,100,107,1,10,0,0.5,2.66,0,0.3,15.96,2.5
1,2020-05-08 09:21:11,2020-05-08 09:27:07,1,1.40,1,N,170,107,1,7,2.5,0.5,2.05,0,0.3,12.35,2.5
2,2020-05-13 09:55:37,2020-05-13 10:01:36,1,1.32,1,N,142,161,2,6.5,0,0.5,0,0,0.3,9.8,2.5
1,2020-05-22 06:17:01,2020-05-22 06:21:30,1,.80,1,N,186,246,2,5,2.5,0.5,0,0,0.3,8.3,2.5
1,2020-05-31 23:59:46,2020-06-01 00:02:58,0,.90,1,N,237,236,1,5,3,0.5,1.75,0,0.3,10.55,2.5
2,2020-05-19 14:24:59,2020-05-19 14:26:45,1,.32,1,N,74,41,2,3.5,0,0.5,0,0,0.3,4.3,0
1,2020-05-06 12:25:01,2020-05-06 12:35:31,2,1.60,1,N,137,68,2,9,2.5,0.5,0,0,0.3,12.3,2.5
2,2020-05-19 16:23:27,2020-05-19 16:31:28,5,1.14,1,N,79,4,1,7,1,0.5,1,0,0.3,12.3,2.5
1,2020-05-12 20:38:50,2020-05-12 20:41:06,1,.60,1,N,142,48,2,4,3,0.5,0,0,0.3,7.8,2.5
1,2020-05-11 17:08:54,2020-05-11 17:12:03,1,.30,1,N,151,151,1,4,1,0.5,1.4,0,0.3,7.2,0
1,2020-05-05 19:22:30,2020-05-05 19:32:47,1,1.20,1,N,137,186,1,8.5,3.5,0.5,2.55,0,0.3,15.35,2.5
2,2020-05-20 13:07:11,2020-05-20 13:11:19,3,.83,1,N,161,170,2,5,0,0.5,0,0,0.3,8.3,2.5
,2020-05-21 01:22:01,2020-05-21 02:06:30,,28.95,,,210,78,,73.81,0,0.5,0,6.12,0.3,80.73,0
1,2020-05-27 13:13:59,2020-05-27 13:23:54,0,2.30,1,N,170,236,2,9.5,2.5,0.5,0,0,0.3,12.8,2.5
2,2020-05-08 09:57:38,2020-05-08 10:12:11,2,4.12,1,N,90,237,1,15,0,0.5,3.66,0,0.3,21.96,2.5
2,2020-05-29 17:04:24,2020-05-29 17:12:58,1,1.72,1,N,151,42,2,8,1,0.5,0,0,0.3,9.8,0
1,2020-05-08 17:25:26,2020-05-08 17:29:36,1,1.70,1,N,162,263,1,6.5,3.5,0.5,2.16,0,0.3,12.96,2.5
2,2020-05-01 12:41:29,2020-05-01 12:57:52,1,3.82,1,N,238,116,1,15.5,0,0.5,5.64,0,0.3,24.44,2.5
2,2020-05-16 15:46:54,2020-05-16 15:54:00,2,.98,1,N,262,236,2,6.5,0,0.5,0,0,0.3,9.8,2.5
1,2020-05-06 09:30:06,2020-05-06 09:42:58,1,3.50,1,N,161,232,2,13,2.5,0.5,0,0,0.3,16.3,2.5
1,2020-05-26 08:34:58,2020-05-26 08:44:12,1,2.30,1,N,236,41,2,9.5,2.5,0.5,0,0,0.3,12.8,2.5
,2020-05-05 19:30:00,2020-05-05 20:11:00,,35.67,,,42,265,,96.52,0,0.5,0,6.12,0.3,103.44,0
1,2020-05-12 09:58:27,2020-05-12 10:05:38,2,1.50,1,N,75,263,2,7,2.5,0.5,0,0,0.3,10.3,2.5
2,2020-05-11 15:26:34,2020-05-11 15:36:22,3,2.02,1,N,166,116,1,9,0,0.5,2.94,0,0.3,12.74,0
1,2020-05-02 20:10:58,2020-05-02 20:25:59,1,.00,1,N,107,140,1,12.2,3,0.5,2.4,0,0.3,18.4,2.5
2,2020-05-07 14:34:01,2020-05-07 14:36:15,1,.23,1,N,238,238,1,3.5,0,0.5,1.36,0,0.3,8.16,2.5
2,2020-05-08 16:11:27,2020-05-08 16:26:46,2,3.68,1,N,236,79,2,14,1,0.5,0,0,0.3,18.3,2.5
2,2020-05-30 11:14:39,2020-05-30 11:25:37,2,6.32,1,N,48,244,2,18.5,0,0.5,0,0,0.3,21.8,2.5
,2020-05-08 06:18:00,2020-05-08 06:35:00,,7.68,,,82,137,,22,0,0.5,0,6.12,0.3,31.42,2.5
2,2020-05-26 12:03:56,2020-05-26 12:12:53,1,1.68,1,N,238,263,1,8.5,0,0.5,1.5,0,0.3,13.3,2.5
2,2020-05-23 12:00:26,2020-05-23 12:04:26,1,1.01,1,N,234,114,1,5.5,0,0.5,1,0,0.3,9.8,2.5
1,2020-05-15 19:35:39,2020-05-15 19:43:07,1,1.10,1,N,162,48,1,7,3.5,0.5,2.25,0,0.3,13.55,2.5
,2020-05-22 17:38:00,2020-05-22 18:01:00,,5.24,,,157,49,,19.38,0,0.5,3,0,0.3,23.18,0
2,2020-05-16 19:21:44,2020-05-16 19:38:27,1,3.48,1,N,24,247,1,14.5,0,0.5,3.83,0,0.3,19.13,0
1,2020-05-08 11:16:46,2020-05-08 11:38:25,1,9.60,1,N,107,138,1,28.5,2.5,0.5,7.95,0,0.3,39.75,2.5
2,2020-05-09 13:47:04,2020-05-09 13:51:20,2,.99,1,N,236,237,1,5.5,0,0.5,1.76,0,0.3,10.56,2.5
,2020-05-07 00:00:00,2020-05-07 00:19:00,,8.72,,,75,32,,26.08,0,0.5,0,0,0.3,26.88,0
2,2020-05-13 11:32:24,2020-05-13 11:41:29,1,4.43,1,N,132,10,2,14.5,0,0.5,0,0,0.3,15.3,0
2,2020-05-19 15:18:41,2020-05-19 15:50:07,2,18.40,3,N,141,1,2,68.5,0,0,0,13.5,0.3,82.3,0
1,2020-05-30 16:06:17,2020-05-30 16:12:43,1,.00,1,N,211,79,1,4.7,2.5,0.5,0,0,0.3,8,2.5
2,2020-05-14 14:33:50,2020-05-14 14:41:01,1,2.29,1,N,137,141,1,8.5,0,0.5,1.77,0,0.3,13.57,2.5
,2020-05-23 13:02:00,2020-05-23 13:27:00,,11.27,,,130,146,,24.02,0,0.5,2.75,0,0.3,27.57,0
1,2020-05-20 16:36:06,2020-05-20 17:06:51,1,5.70,1,N,170,181,2,22.5,3.5,0.5,0,0,0.3,26.8,2.5
2,2020-05-13 10:44:16,2020-05-13 10:52:28,1,1.80,1,N,116,166,2,8.5,0,0.5,0,0,0.3,9.3,0
2,2020-05-22 18:10:41,2020-05-22 18:29:59,1,6.82,1,N,164,166,1,21.5,1,0.5,3,0,0.3,28.8,2.5
2,2020-05-30 18:33:39,2020-05-30 18:38:37,1,1.12,1,N,142,48,1,5.5,0,0.5,2.64,0,0.3,11.44,2.5
2,2020-05-26 16:59:35,2020-05-26 17:08:47,1,2.05,1,N,151,42,2,8.5,1,0.5,0,0,0.3,10.3,0
2,2020-05-30 21:44:34,2020-05-30 21:59:24,2,3.04,1,N,74,167,2,13,0.5,0.5,0,0,0.3,14.3,0
2,2020-05-28 20:09:02,2020-05-28 20:22:22,1,3.00,1,N,7,145,2,12,0.5,0.5,0,0,0.3,13.3,0
2,2020-05-19 17:39:45,2020-05-19 17:49:30,1,3.11,1,N,100,231,1,10.5,1,0.5,2.96,0,0.3,17.76,2.5
1,2020-05-28 20:44:02,2020-05-28 20:51:26,1,1.70,1,N,186,249,1,7.5,3,0.5,2.26,0,0.3,13.56,2.5
1,2020-05-26 14:21:16,2020-05-26 14:29:47,2,1.10,1,N,263,237,1,7.5,2.5,0.5,1,0,0.3,11.8,2.5
2,2020-05-23 05:09:25,2020-05-23 05:16:58,1,2.07,1,N,238,166,2,8.5,0.5,0.5,0,0,0.3,12.3,2.5
1,2020-05-02 15:38:00,2020-05-02 15:52:22,1,7.90,1,N,138,170,1,23,2.5,0.5,6.45,6.12,0.3,38.87,2.5
,2020-05-23 00:20:27,2020-05-23 00:58:05,,15.89,,,137,155,,37.77,0,0.5,0,6.12,0.3,47.19,2.5
1,2020-05-07 11:15:07,2020-05-07 11:20:07,1,.50,1,N,140,141,1,5,2.5,0.5,2.45,0,0.3,10.75,2.5
2,2020-05-21 13:06:58,2020-05-21 13:10:42,1,.50,1,N,262,262,1,4.5,0,0.5,1.56,0,0.3,9.36,2.5
1,2020-05-05 12:48:33,2020-05-05 12:58:36,1,.00,1,N,236,170,1,8.7,2.5,0.5,0,0,0.3,12,2.5
1,2020-05-27 17:43:56,2020-05-27 17:52:33,1,2.20,1,N,142,68,1,9,3.5,0.5,3,0,0.3,16.3,2.5
2,2020-05-09 12:46:02,2020-05-09 12:53:24,1,1.37,1,N,48,186,1,7,0,0.5,1,0,0.3,11.3,2.5
2,2020-05-08 13:44:01,2020-05-08 13:48:25,2,1.08,1,N,237,229,1,5.5,0,0.5,1.76,0,0.3,10.56,2.5
2,2020-05-08 12:27:43,2020-05-08 12:29:53,1,.33,1,N,233,170,2,3.5,0,0.5,0,0,0.3,6.8,2.5
1,2020-05-28 14:43:09,2020-05-28 15:04:05,1,8.30,1,N,162,243,1,25,2.5,0.5,5.65,0,0.3,33.95,2.5
,2020-05-02 00:09:00,2020-05-02 00:25:00,,5.87,,,159,146,,18.92,0,0.5,0,6.12,0.3,25.84,0
1,2020-05-18 06:36:52,2020-05-18 06:43:18,1,1.10,1,N,186,170,2,6.5,2.5,0.5,0,0,0.3,9.8,2.5
1,2020-05-22 11:48:46,2020-05-22 11:58:42,1,4.50,1,N,140,79,1,14.5,2.5,0.5,3.2,0,0.3,21,2.5
1,2020-05-05 00:08:48,2020-05-05 00:15:19,1,1.80,1,N,237,140,1,8,3,0.5,1,0,0.3,12.8,2.5
,2020-05-14 11:36:00,2020-05-14 11:58:00,,8.11,,,170,69,,17.87,0,0.5,2.75,0,0.3,21.42,0
2,2020-05-12 09:26:19,2020-05-12 09:31:17,1,1.63,1,N,48,142,1,6.5,0,0.5,0.98,0,0.3,10.78,2.5
1,2020-05-22 07:59:49,2020-05-22 08:05:24,1,1.10,1,N,48,142,2,6,2.5,0.5,0,0,0.3,9.3,2.5
1,2020-05-22 11:17:53,2020-05-22 11:33:19,1,.00,1,N,233,233,3,10,2.5,0.5,0,0,0.3,13.3,2.5
1,2020-05-21 12:56:01,2020-05-21 12:57:30,1,.50,1,N,229,233,1,4,2.5,0.5,1,0,0.3,8.3,2.5
2,2020-05-18 14:39:45,2020-05-18 14:47:25,3,1.12,1,N,152,166,1,7.5,0,0.5,0,0,0.3,8.3,0
2,2020-05-07 10:48:05,2020-05-07 10:55:42,1,1.60,1,N,74,166,1,7.5,0,0.5,0.8,0,0.3,9.1,0
1,2020-05-05 17:59:33,2020-05-05 18:05:26,1,2.10,1,N,137,141,1,7.5,3.5,0.5,2.35,0,0.3,14.15,2.5
,2020-05-01 07:48:00,2020-05-01 08:14:00,,17.20,,,137,76,,46.52,0,0.5,0,6.12,0.3,55.94,2.5
2,2020-05-07 14:48:26,2020-05-07 14:59:59,1,2.78,1,N,68,141,1,11,0,0.5,2.86,0,0.3,17.16,2.5
2,2020-05-01 22:24:50,2020-05-01 22:42:34,1,7.86,1,N,236,248,2,23,0.5,0.5,0,0,0.3,26.8,2.5
2,2020-05-08 07:45:10,2020-05-08 07:53:00,1,1.85,1,N,140,75,1,8,0,0.5,2.26,0,0.3,13.56,2.5
2,2020-05-22 15:26:14,2020-05-22 15:31:06,1,.59,1,N,48,48,2,5,0,0.5,0,0,0.3,8.3,2.5
1,2020-05-24 15:18:45,2020-05-24 15:24:19,1,1.40,1,N,142,48,2,7,2.5,0.5,0,0,0.3,10.3,2.5
2,2020-05-05 12:38:54,2020-05-05 12:42:03,3,.58,1,N,75,75,2,4.5,0,0.5,0,0,0.3,5.3,0
1,2020-05-02 09:14:58,2020-05-02 09:27:16,1,3.50,1,N,237,90,1,13,2.5,0.5,4.85,0,0.3,21.15,2.5
2,2020-05-14 21:09:44,2020-05-14 21:19:13,1,2.65,1,N,234,141,1,10,0.5,0.5,3.45,0,0.3,17.25,2.5
1,2020-05-29 20:00:01,2020-05-29 20:22:31,1,8.10,1,N,107,116,1,25.5,3,0.5,5.86,0,0.3,35.16,2.5
1,2020-05-17 12:05:30,2020-05-17 12:09:23,1,.40,1,N,141,141,2,4.5,2.5,0.5,0,0,0.3,7.8,2.5
1,2020-05-21 18:39:17,2020-05-21 18:45:28,0,1.10,1,N,161,48,2,6,3.5,0.5,0,0,0.3,10.3,2.5
,2020-05-21 04:45:38,2020-05-21 05:10:43,,19.25,,,10,244,,46.36,0,0.5,0,6.12,0.3,53.28,0
2,2020-05-31 18:43:54,2020-05-31 18:57:24,2,3.60,1,N,230,263,1,13,0,0.5,4.89,0,0.3,21.19,2.5
1,2020-05-24 12:02:28,2020-05-24 12:09:30,2,3.00,1,N,229,4,2,10.5,2.5,0.5,0,0,0.3,13.8,2.5
1,2020-05-21 14:56:26,2020-05-21 15:00:14,1,1.20,1,N,68,48,2,5.5,2.5,0.5,0,0,0.3,8.8,2.5
2,2020-05-24 18:54:09,2020-05-24 19:03:30,1,1.93,1,N,229,236,2,9,0,0.5,0,0,0.3,12.3,2.5
1,2020-05-12 12:30:29,2020-05-12 12:33:48,1,.60,1,N,161,48,2,4.5,2.5,0.5,0,0,0.3,7.8,2.5
2,2020-05-06 09:15:27,2020-05-06 09:20:35,1,1.30,1,N,68,230,2,6.5,0,0.5,0,0,0.3,9.8,2.5
1,2020-05-20 15:07:10,2020-05-20 15:50:36,2,9.90,1,N,100,17,2,35.5,2.5,0.5,0,0,0.3,38.8,2.5
1,2020-05-28 14:00:38,2020-05-28 14:06:58,1,1.40,1,N,237,142,2,7.5,2.5,0.5,0,0,0.3,10.8,2.5
,2020-05-19 08:01:00,2020-05-19 08:51:00,,14.27,,,91,141,,43.6,0,0.5,2.75,0,0.3,47.15,0
2,2020-05-01 15:27:32,2020-05-01 15:34:39,1,.89,1,N,163,230,2,6,0,0.5,0,0,0.3,9.3,2.5
2,2020-05-24 19:13:12,2020-05-24 19:18:29,1,1.86,1,N,263,229,2,7.5,0,0.5,0,0,0.3,10.8,2.5
1,2020-05-27 16:52:32,2020-05-27 16:58:07,1,1.40,1,N,162,236,1,6.5,3.5,0.5,1,0,0.3,11.8,2.5
2,2020-05-27 04:58:35,2020-05-27 05:03:20,1,1.07,1,N,142,237,1,6,0.5,0.5,2.45,0,0.3,12.25,2.5
2,2020-05-14 21:24:24,2020-05-14 21:33:49,1,1.99,1,N,142,141,1,9,0.5,0.5,3.2,0,0.3,16,2.5
2,2020-05-15 10:06:58,2020-05-15 10:12:28,1,1.29,1,N,41,116,1,6,0,0.5,1,0,0.3,7.8,0
,2020-05-12 08:28:00,2020-05-12 08:45:00,,5.80,,,248,42,,18.39,0,0.5,0,0,0.3,19.19,0
2,2020-05-13 13:28:37,2020-05-13 13:32:33,6,.39,1,N,144,231,2,4.5,0,0.5,0,0,0.3,7.8,2.5
2,2020-05-30 17:40:36,2020-05-30 18:02:31,1,5.43,1,N,75,145,1,19.5,0,0.5,0.3,0,0.3,23.1,2.5
2,2020-05-19 18:38:23,2020-05-19 18:48:40,1,2.04,1,N,48,234,1,9.5,1,0.5,2.76,0,0.3,16.56,2.5
,2020-05-07 15:58:00,2020-05-07 16:31:00,,16.50,,,197,254,,40.84,0,0.5,2.75,6.12,0.3,50.51,0
1,2020-05-26 15:42:06,2020-05-26 15:48:43,0,1.10,1,N,114,4,1,6.5,2.5,0.5,0.98,0,0.3,10.78,2.5
1,2020-05-14 18:57:12,2020-05-14 18:59:30,1,.60,1,N,237,142,1,4,3.5,0.5,1,0,0.3,9.3,2.5
1,2020-05-27 22:31:43,2020-05-27 22:40:03,1,1.40,1,N,74,75,2,8,0.5,0.5,0,0,0.3,9.3,0
2,2020-05-18 12:58:49,2020-05-18 13:17:45,1,4.84,1,N,90,249,1,17,0,0.5,2,0,0.3,22.3,2.5
1,2020-05-30 14:33:57,2020-05-30 14:53:52,1,5.10,1,N,264,264,2,18.5,0,0.5,0,0,0.3,19.3,0
2,2020-05-27 16:21:28,2020-05-27 16:57:58,1,18.33,2,N,132,75,2,52,4.5,0.5,0,6.12,0.3,63.42,0
1,2020-05-21 15:33:09,2020-05-21 15:45:26,1,2.00,1,N,24,143,2,10.5,2.5,0.5,0,0,0.3,13.8,2.5
1,2020-05-21 17:50:27,2020-05-21 18:17:40,1,11.00,1,N,162,252,1,32,3.5,0.5,0,0,0.3,36.3,2.5
1,2020-05-22 09:42:15,2020-05-22 09:46:36,1,1.40,1,N,113,164,1,6,2.5,0.5,2.75,0,0.3,12.05,2.5
2,2020-05-11 17:24:39,2020-05-11 17:31:11,1,1.46,1,N,238,142,2,7.5,1,0.5,0,0,0.3,11.8,2.5
1,2020-05-27 08:31:30,2020-05-27 08:35:15,0,1.00,1,N,264,264,1,5,0,0.5,1.7,0,0.3,7.5,0
1,2020-05-29 09:16:30,2020-05-29 09:25:25,1,2.30,1,N,236,162,2,9.5,2.5,0.5,0,0,0.3,12.8,2.5
,2020-05-17 21:59:00,2020-05-17 22:22:00,,14.19,,,65,29,,36.51,0,0.5,0,0,0.3,37.31,0
2,2020-05-25 17:50:19,2020-05-25 17:54:28,1,1.19,1,N,186,50,1,5.5,0,0.5,1.2,0,0.3,10,2.5
1,2020-05-27 14:05:39,2020-05-27 14:28:56,1,.00,1,N,233,127,1,28.2,0,0.5,0,0,0.3,29,0
2,2020-05-23 16:14:25,2020-05-23 16:15:18,2,.31,1,N,140,140,1,3,0,0.5,1.26,0,0.3,7.56,2.5
1,2020-05-15 16:22:43,2020-05-15 16:29:56,1,1.30,1,N,113,4,1,7.5,3.5,0.5,1,0,0.3,12.8,2.5
2,2020-05-15 20:09:41,2020-05-15 20:09:41,1,.06,1,N,75,264,2,2.5,0.5,0.5,0,0,0.3,3.8,0
,2020-05-17 17:44:00,2020-05-17 18:12:00,,12.31,,,137,26,,38.66,0,0.5,0,0,0.3,41.96,2.5
2,2020-05-20 11:27:11,2020-05-20 11:36:08,2,2.22,1,N,137,48,1,9,0,0.5,2.46,0,0.3,14.76,2.5
2,2020-05-04 17:27:55,2020-05-04 17:28:28,1,.00,1,N,137,137,2,2.5,1,0.5,0,0,0.3,6.8,2.5
2,2020-05-12 13:42:13,2020-05-12 13:47:39,2,.70,1,N,141,141,2,5,0,0.5,0,0,0.3,8.3,2.5
,2020-05-11 17:24:25,2020-05-11 17:56:52,,7.32,,,37,155,,30.96,0,0.5,0,0,0.3,31.76,0
2,2020-05-31 11:05:42,2020-05-31 11:11:08,1,1.30,1,N,186,161,1,6,0,0.5,1,0,0.3,10.3,2.5
1,2020-05-07 19:23:21,2020-05-07 19:24:21,1,.00,1,N,230,230,2,2.5,3.5,0.5,0,0,0.3,6.8,2.5
,2020-05-24 06:00:00,2020-05-24 06:29:00,,17.38,,,68,218,,43.38,0,0.5,2.75,6.12,0.3,53.05,0
1,2020-05-07 08:17:05,2020-05-07 08:33:44,2,2.00,1,N,262,75,1,12,2.5,0.5,3.05,0,0.3,18.35,2.5
,2020-05-16 23:20:23,2020-05-16 23:43:23,,13.45,,,137,174,,36.51,0,0.5,0,0,0.3,39.81,2.5
1,2020-05-21 08:17:39,2020-05-21 08:30:39,1,3.30,1,N,107,237,1,12.5,2.5,0.5,3.15,0,0.3,18.95,2.5
1,2020-05-19 11:35:50,2020-05-19 11:49:52,1,2.70,1,N,75,140,2,11.5,2.5,0.5,0,0,0.3,14.8,2.5
1,2020-05-04 10:17:36,2020-05-04 10:34:16,1,9.70,1,N,75,125,1,27.5,2.5,0.5,0,0,0.3,30.8,2.5
1,2020-05-11 14:37:31,2020-05-11 14:40:55,1,.60,1,N,142,143,2,4.5,2.5,0.5,0,0,0.3,7.8,2.5
1,2020-05-23 17:41:45,2020-05-23 17:47:46,1,1.50,1,N,263,74,1,6.5,2.5,0.5,3,0,0.3,12.8,2.5
1,2020-05-02 08:58:41,2020-05-02 09:23:06,0,7.50,1,N,68,42,2,26,2.5,0.5,0,0,0.3,29.3,2.5
1,2020-05-21 12:59:49,2020-05-21 13:05:38,2,1.20,1,N,43,48,1,6.5,2.5,0.5,3,0,0.3,12.8,2.5
,2020-05-28 05:03:44,2020-05-28 05:27:53,,9.94,,,225,138,,30.49,0,0.5,0,0,0.3,31.29,0
,2020-05-29 14:30:00,2020-05-29 14:55:00,,13.13,,,74,195,,32.31,0,0.5,2.75,6.12,0.3,41.98,0
2,2020-05-17 18:48:44,2020-05-17 18:50:54,1,.55,1,N,100,68,1,4,0,0.5,0.7,0,0.3,8,2.5
1,2020-05-10 15:06:58,2020-05-10 15:15:56,2,1.80,1,N,231,4,1,9,2.5,0.5,3,0,0.3,15.3,2.5
2,2020-05-13 15:47:30,2020-05-13 16:26:39,1,8.76,1,N,237,106,1,31,0,0.5,6.86,0,0.3,41.16,2.5
2,2020-05-13 18:57:09,2020-05-13 19:02:28,1,1.24,1,N,142,50,1,6.5,1,0.5,0,0,0.3,10.8,2.5
,2020-05-28 21:38:00,2020-05-28 21:52:00,,5.98,,,152,68,,14.11,0,0.5,2.75,0,0.3,17.66,0
1,2020-05-09 07:25:39,2020-05-09 07:29:13,1,1.40,1,N,100,50,2,6,2.5,0.5,0,0,0.3,9.3,2.5
,2020-05-30 03:06:33,2020-05-30 03:38:34,,8.82,,,246,225,,35.6,0,0.5,0,0,0.3,36.4,0
,2020-05-01 07:48:11,2020-05-01 08:01:49,,.00,,,237,244,,20.7,0,0.5,0,0,0.3,26,2.5
,2020-05-07 15:55:00,2020-05-07 16:11:00,,3.35,,,159,243,,12.69,0,0.5,0,0,0.3,13.49,0
,2020-05-19 07:52:00,2020-05-19 08:25:00,,14.33,,,22,162,,36.51,0,0.5,2.75,6.12,0.3,46.18,0
2,2020-05-13 10:59:19,2020-05-13 11:10:08,1,2.39,1,N,75,141,2,10,0,0.5,0,0,0.3,13.3,2.5
2,2020-05-29 16:53:27,2020-05-29 17:00:51,3,1.67,1,N,161,90,2,7.5,1,0.5,0,0,0.3,11.8,2.5
1,2020-05-21 08:08:29,2020-05-21 08:22:50,1,3.10,1,N,161,4,2,13,2.5,0.5,0,0,0.3,16.3,2.5
1,2020-05-27 17:21:30,2020-05-27 17:40:25,1,5.50,1,N,163,45,1,19.5,3.5,0.5,4.75,0,0.3,28.55,2.5
1,2020-05-02 15:24:29,2020-05-02 15:27:17,1,1.00,1,N,137,233,1,4.5,2.5,0.5,1.55,0,0.3,9.35,2.5
2,2020-05-17 19:36:06,2020-05-17 19:53:02,1,3.40,1,N,74,244,1,14.5,0,0.5,3.82,0,0.3,19.12,0
,2020-05-14 14:43:00,2020-05-14 15:09:00,,13.62,,,137,11,,40.1,0,0.5,0,6.12,0.3,49.52,2.5
,2020-05-15 23:31:34,2020-05-15 23:53:08,,10.72,,,137,136,,28.4,0,0.5,0,0,0.3,31.7,2.5
,2020-05-08 06:42:00,2020-05-08 06:50:00,,1.56,,,116,159,,6.73,0,0.5,0,0,0.3,7.53,0
2,2020-05-27 10:46:33,2020-05-27 10:48:59,1,.88,1,N,75,74,2,4.5,0,0.5,0,0,0.3,5.3,0
2,2020-05-04 18:04:29,2020-05-04 18:09:37,1,1.07,1,N,211,249,1,6,1,0.5,2.06,0,0.3,12.36,2.5
2,2020-05-05 08:51:22,2020-05-05 08:55:59,1,1.22,1,N,170,161,1,6,0,0.5,1.86,0,0.3,11.16,2.5
2,2020-05-15 15:10:48,2020-05-15 15:31:20,1,10.37,1,N,138,224,2,30,0,0.5,0,0,0.3,33.3,2.5
1,2020-05-29 11:33:46,2020-05-29 11:59:03,1,11.80,1,N,236,185,1,35,2.5,0.5,4.7,0,0.3,43,2.5
2,2020-05-14 16:45:00,2020-05-14 16:46:34,4,.76,1,N,263,141,1,4,1,0.5,1.66,0,0.3,9.96,2.5
1,2020-05-05 16:23:30,2020-05-05 16:26:19,1,1.10,1,N,233,137,1,5,3.5,0.5,1.85,0,0.3,11.15,2.5
1,2020-05-22 20:57:49,2020-05-22 21:38:26,2,20.30,2,N,132,263,2,52,2.5,0.5,0,6.12,0.3,61.42,2.5
2,2020-05-14 19:35:16,2020-05-14 19:45:50,2,3.18,1,N,163,79,1,11.5,1,0.5,3.16,0,0.3,18.96,2.5
2,2020-05-21 10:55:21,2020-05-21 11:04:05,1,1.53,1,N,142,162,2,8,0,0.5,0,0,0.3,11.3,2.5
1,2020-05-26 10:57:26,2020-05-26 11:17:31,1,5.20,1,N,75,107,2,20,2.5,0.5,0,0,0.3,23.3,2.5
2,2020-05-12 15:54:39,2020-05-12 16:00:41,1,1.35,1,N,151,239,1,7,0,0.5,3.09,0,0.3,13.39,2.5
,2020-05-11 14:47:09,2020-05-11 15:07:46,,6.54,,,159,146,,17.86,0,0.5,0,6.12,0.3,24.78,0
1,2020-05-22 08:48:15,2020-05-22 08:50:24,1,.60,1,N,107,170,1,4,2.5,0.5,1.8,0,0.3,9.1,2.5
2,2020-05-24 17:48:03,2020-05-24 17:55:07,6,1.96,1,N,249,230,1,8,0,0.5,2.26,0,0.3,13.56,2.5
2,2020-05-30 06:38:50,2020-05-30 06:52:45,1,5.28,1,N,162,129,1,17,0,0.5,5.08,0,0.3,25.38,2.5
,2020-05-01 16:51:26,2020-05-01 17:24:00,,20.79,,,79,39,,47.95,0,0.5,2.75,6.12,0.3,57.62,0
2,2020-05-19 16:01:35,2020-05-19 16:03:50,1,.84,1,N,140,262,2,4.5,1,0.5,0,0,0.3,8.8,2.5
2,2020-05-30 14:46:05,2020-05-30 14:49:28,1,.99,1,N,186,230,2,5,0,0.5,0,0,0.3,8.3,2.5
,2020-05-06 21:02:00,2020-05-06 21:23:00,,9.80,,,137,235,,28.33,0,0.5,0,0,0.3,31.63,2.5
1,2020-05-09 18:06:06,2020-05-09 18:10:30,1,.80,1,N,239,142,1,5.5,2.5,0.5,2.2,0,0.3,11,2.5
2,2020-05-06 20:05:41,2020-05-06 20:15:32,1,3.07,1,N,75,159,2,11,0.5,0.5,0,0,0.3,12.3,0
1,2020-05-22 13:42:01,2020-05-22 13:52:18,1,1.90,1,N,141,161,1,9,2.5,0.5,3,0,0.3,15.3,2.5
2,2020-05-14 14:34:38,2020-05-14 14:41:44,1,2.96,1,N,208,183,1,10,0,0.5,0,0,0.3,12.75,0
1,2020-05-17 14:47:20,2020-05-17 14:53:42,1,.70,1,N,264,234,1,6,2.5,0.5,2,0,0.3,11.3,2.5
2,2020-05-18 11:36:49,2020-05-18 11:44:55,1,1.46,1,N,142,237,2,8,0,0.5,0,0,0.3,11.3,2.5
2,2020-05-02 17:11:07,2020-05-02 17:16:34,1,1.53,1,N,74,263,4,-6.5,0,-0.5,0,0,-0.3,-9.8,-2.5
1,2020-05-08 20:20:31,2020-05-08 20:21:04,0,.00,1,N,145,145,2,2.5,0.5,0.5,0,0,0.3,3.8,0
1,2020-05-08 13:38:15,2020-05-08 14:07:20,1,18.50,1,N,140,251,1,49.5,2.5,0.5,20,18.36,0.3,91.16,2.5
,2020-05-24 11:49:00,2020-05-24 12:02:00,,2.61,,,42,167,,12.37,0,0.5,0,0,0.3,13.17,0
1,2020-05-20 09:12:53,2020-05-20 09:19:05,1,2.10,1,N,236,74,1,8.5,2.5,0.5,0,0,0.3,11.8,2.5
2,2020-05-15 10:15:45,2020-05-15 10:22:10,1,1.47,1,N,48,68,1,7,0,0.5,2.06,0,0.3,12.36,2.5
1,2020-05-09 13:27:24,2020-05-09 13:39:02,1,7.00,1,N,138,255,1,20.5,0,0.5,4.25,0,0.3,25.55,0
2,2020-05-18 07:07:09,2020-05-18 07:19:02,1,3.39,1,N,164,232,1,13,0,0.5,3.26,0,0.3,19.56,2.5
,2020-05-21 03:34:01,2020-05-21 03:58:21,,6.53,,,68,49,,31.54,0,0.5,0,0,0.3,32.34,0
2,2020-05-31 20:31:43,2020-05-31 20:42:53,2,5.75,1,N,140,42,1,17.5,0.5,0.5,0,0,0.3,21.3,2.5
,2020-05-23 03:01:34,2020-05-23 03:34:16,,19.29,,,219,164,,46.31,0,0.5,0,0,0.3,47.11,0
1,2020-05-30 20:26:26,2020-05-30 20:32:05,1,1.10,1,N,163,239,1,6.5,3,0.5,1,0,0.3,11.3,2.5
1,2020-05-31 13:56:39,2020-05-31 14:34:31,1,.00,1,N,60,232,1,34.2,0,0.5,0,0,0.3,35,0
2,2020-05-02 20:12:48,2020-05-02 20:24:33,3,4.42,1,N,263,4,2,14.5,0.5,0.5,0,0,0.3,18.3,2.5
2,2020-05-07 10:00:37,2020-05-07 10:03:37,2,.73,1,N,74,75,2,4.5,0,0.5,0,0,0.3,5.3,0
2,2020-05-21 19:44:42,2020-05-21 19:47:11,1,.46,1,N,263,263,1,4,1,0.5,2.08,0,0.3,10.38,2.5
2,2020-05-15 22:26:25,2020-05-15 22:45:15,2,7.24,1,N,75,153,2,23,0.5,0.5,0,0,0.3,24.3,0
1,2020-05-29 13:38:05,2020-05-29 13:46:42,1,1.40,1,N,166,74,2,8,0,0.5,0,0,0.3,8.8,0
2,2020-05-15 09:00:16,2020-05-15 09:05:41,1,1.12,1,N,100,161,1,6,0,0.5,2.79,0,0.3,12.09,2.5
,2020-05-09 16:10:10,2020-05-09 16:46:10,,10.37,,,137,177,,42.76,0,0,0,0,0.3,45.56,2.5
2,2020-05-24 07:47:02,2020-05-24 07:51:42,1,.65,1,N,263,236,1,5,0,0.5,1,0,0.3,9.3,2.5
1,2020-05-26 15:29:23,2020-05-26 15:32:51,1,.80,1,N,232,232,2,4.5,2.5,0.5,0,0,0.3,7.8,2.5
2,2020-05-29 20:32:28,2020-05-29 20:58:19,1,5.10,1,N,236,69,2,21.5,0.5,0.5,0,0,0.3,22.8,0
2,2020-05-14 15:13:56,2020-05-14 15:22:38,1,2.32,1,N,170,237,1,9,0,0.5,1.5,0,0.3,13.8,2.5
